{"type":"FeatureCollection","name":"hainan_city_county_web","crs":{"type":"name","properties":{"name":"EPSG:4326"}},"metadata":{"title":"海南市县级行政区边界","source":"GeoJSON.CN API 460000","source_url":"https://geojson.cn/api/china/460000.json","administrative_code_source":"https://www.mca.gov.cn/mzsj/xzqh/2023/202301xzqh.html","access_date":"2026-07-16","license_note":"GeoJSON.CN copyright notice retained; public deployment requires reuse confirmation.","derived_from":"01_map\\geojson_full\\hainan_city_county_full.geojson","simplify_tolerance_degrees":0.003,"full_point_count":10301,"web_point_count":5251},"features":[{"type":"Feature","properties":{"regionCode":"460100","regionName":"海口市","regionLevel":"prefecture_city","parentCode":"460000","parentName":"海南省","sourceName":"GeoJSON.CN","sourceYear":"2025","sourceUrl":"https://geojson.cn/api/china/460000.json","license":"Copyright (c) 2025 GeoJSON.CN; reuse terms require manual confirmation","attribution":"GeoJSON.CN","simplifyToleranceDegrees":0.003},"geometry":{"type":"MultiPolygon","coordinates":[[[[110.146316,20.041035],[110.155027,20.039929],[110.152113,20.047749],[110.144225,20.042273],[110.149429,20.047552],[110.155263,20.047988],[110.15496074426957,20.058020684016213],[110.168193,20.062606],[110.165829,20.06739],[110.176018,20.060102],[110.20147,20.06121],[110.198412,20.063717],[110.248844,20.030468],[110.28672,20.020594],[110.285264,20.025384],[110.278723,20.025689],[110.279413,20.029482],[110.286748,20.028679],[110.285377,20.034267],[110.277362,20.036515],[110.280433,20.042684],[110.291802,20.039457],[110.29165,20.032987],[110.300845,20.030412],[110.306047,20.033971],[110.300558,20.032351],[110.300704,20.035524],[110.309859,20.038185],[110.312247,20.029339],[110.315533,20.031906],[110.311483,20.032817],[110.311987,20.037824],[110.322101,20.035643],[110.316909,20.039224],[110.316605,20.047273],[110.333599,20.047189],[110.305163,20.056967],[110.311142,20.072297],[110.344278,20.076574],[110.348405,20.085487],[110.370949,20.089359],[110.379319,20.07781],[110.39403,20.074641],[110.492514,20.022566],[110.517121,20.015852],[110.551257,20.017391],[110.540961,20.006826],[110.562297,20.010121],[110.55393,19.988473],[110.562212,19.975562],[110.573254,19.981596],[110.570725,19.992313],[110.575986,19.998453],[110.592045,19.995364],[110.584161,19.969746],[110.594302,19.959391],[110.595177,19.945592],[110.611889,19.92062],[110.616252,19.921716],[110.615532,19.929439],[110.622748,19.927301],[110.628567,19.934047],[110.620585,19.958769],[110.62371,19.970539],[110.633436,19.967248],[110.647275,19.938324],[110.644455,19.929419],[110.653356,19.930162],[110.663181,19.923941],[110.67533,19.907881],[110.672736,19.897556],[110.683294,19.881279],[110.676435,19.866573],[110.679785,19.857787],[110.689077,19.85481],[110.703789,19.85883],[110.717256,19.844108],[110.702185,19.830681],[110.70831,19.803578],[110.685108,19.796966],[110.673951,19.810478],[110.642033,19.787061],[110.642868,19.782775],[110.658015,19.779322],[110.650923,19.777788],[110.643798,19.766015],[110.639815,19.767042],[110.622956,19.735431],[110.628902,19.722067],[110.645288,19.716277],[110.646967,19.708795],[110.609439,19.698105],[110.614253,19.693698],[110.62491,19.694515],[110.6235,19.664049],[110.634386,19.653119],[110.672819,19.647246],[110.656117,19.639013],[110.65428,19.618108],[110.6356,19.592588],[110.633825,19.573132],[110.641322,19.549052],[110.633321,19.534869],[110.61392,19.531738],[110.61141,19.526586],[110.595331,19.529886],[110.565784,19.524342],[110.550745,19.536335],[110.540109,19.535376],[110.54916,19.562612],[110.530546,19.56183],[110.525775,19.557023],[110.50859,19.570815],[110.505241,19.586288],[110.488724,19.59355],[110.476308,19.582762],[110.458214,19.586589],[110.452252,19.573392],[110.423674,19.585704],[110.418971,19.595834],[110.423042,19.608396],[110.395398,19.609235],[110.391437,19.625376],[110.384329,19.628244],[110.381461,19.640576],[110.374029,19.646302],[110.378151,19.68662],[110.39005,19.69261],[110.393908,19.700593],[110.386263,19.718421],[110.381804,19.719692],[110.383195,19.728837],[110.378632,19.728086],[110.375197,19.71563],[110.350124,19.715652],[110.339999,19.720567],[110.324913,19.71403],[110.312507,19.696405],[110.29567,19.700938],[110.279258,19.699098],[110.262422,19.694342],[110.262421,19.687274],[110.227274,19.678275],[110.218516,19.683119],[110.226451,19.707506],[110.222124,19.715125],[110.208514,19.716735],[110.207344,19.725925],[110.214444,19.74273],[110.228639,19.752013],[110.222942,19.760442],[110.225136,19.771482],[110.210831,19.77874],[110.206975,19.788134],[110.200311,19.809047],[110.204784,19.821463],[110.201708,19.83617],[110.189898,19.845361],[110.174684,19.845884],[110.178591,19.852553],[110.189733,19.853395],[110.187447,19.864107],[110.175811,19.860341],[110.161551,19.865336],[110.145797,19.856257],[110.140059,19.85777],[110.13927,19.863314],[110.154454,19.865207],[110.154152,19.88332],[110.1428,19.892029],[110.156033,19.903804],[110.141414,19.913542],[110.13786,19.923352],[110.141293,19.927302],[110.147525,19.923913],[110.151919,19.930825],[110.162489,19.921187],[110.15645,19.930095],[110.165531,19.931223],[110.151694,19.937115],[110.159588,19.951447],[110.158168,19.958679],[110.163982,19.960746],[110.161912,19.977641],[110.145301,19.973749],[110.135055,19.982023],[110.136485,19.991918],[110.128075,19.997831],[110.14864,20.025899],[110.152254,20.037122],[110.146316,20.041035]]],[[[110.614054,19.965278],[110.617726,19.964753],[110.616331,19.961951],[110.612225,19.963181],[110.614054,19.965278]]],[[[110.571232,20.017994],[110.564987,20.011131],[110.556118,20.012413],[110.561447,20.021516],[110.568236,20.022364],[110.571232,20.017994]]],[[[110.296029,20.040033],[110.296069,20.042586],[110.305329,20.042729],[110.298574,20.038855],[110.296029,20.040033]]],[[[110.144571,20.051129],[110.149599,20.056178],[110.14988308385169,20.056281215706658],[110.144571,20.051129]]],[[[110.14988308385169,20.056281215706658],[110.151715,20.058058],[110.15467957458624,20.058023916594777],[110.14988308385169,20.056281215706658]]],[[[110.154911,20.058108],[110.15496074426957,20.058020684016213],[110.15467957458624,20.058023916594777],[110.154911,20.058108]]],[[[110.19558,20.064885],[110.194775,20.062827],[110.192576,20.063682],[110.193413,20.065676],[110.19558,20.064885]]]]}},{"type":"Feature","properties":{"regionCode":"460200","regionName":"三亚市","regionLevel":"prefecture_city","parentCode":"460000","parentName":"海南省","sourceName":"GeoJSON.CN","sourceYear":"2025","sourceUrl":"https://geojson.cn/api/china/460000.json","license":"Copyright (c) 2025 GeoJSON.CN; reuse terms require manual confirmation","attribution":"GeoJSON.CN","simplifyToleranceDegrees":0.003},"geometry":{"type":"MultiPolygon","coordinates":[[[[108.993615,18.327396],[108.995052,18.325064],[108.994196,18.322074],[108.991828,18.326344],[108.993615,18.327396]]],[[[108.957256,18.32014],[108.955574,18.320288],[108.955911,18.323112],[108.957256,18.32014]]],[[[109.767333,18.313375],[109.773445,18.314408],[109.766417,18.304488],[109.758845,18.312842],[109.767333,18.313375]]],[[[109.489642,18.225473],[109.48739,18.227793],[109.488728,18.229042],[109.490506,18.226633],[109.489642,18.225473]]],[[[109.664717,18.220834],[109.671605,18.215392],[109.667056,18.210786],[109.662357,18.214353],[109.664717,18.220834]]],[[[109.56579,18.189047],[109.567804,18.188844],[109.567455,18.18752],[109.566536,18.187105],[109.56579,18.189047]]],[[[109.701544,18.187076],[109.703054,18.182121],[109.695753,18.180768],[109.69691,18.189061],[109.701544,18.187076]]],[[[109.679747,18.184814],[109.680695,18.185467],[109.684791,18.182212],[109.67942,18.180307],[109.676373,18.184634],[109.679747,18.184814]]],[[[109.78822,18.398638],[109.75718,18.372237],[109.725715,18.297826],[109.725078,18.27697],[109.738439,18.275569],[109.741703,18.270382],[109.726679,18.269729],[109.725066,18.263275],[109.730175,18.262638],[109.727218,18.258617],[109.722189,18.262151],[109.713025,18.261299],[109.708513,18.269734],[109.711681,18.275077],[109.707636,18.274782],[109.711613,18.276225],[109.709298,18.28344],[109.704523,18.285515],[109.698723,18.282307],[109.698275,18.274517],[109.684967,18.277414],[109.677985,18.272198],[109.682524,18.261028],[109.690698,18.257311],[109.697226,18.260757],[109.704076,18.282961],[109.709645,18.259674],[109.720925,18.260929],[109.72787,18.256093],[109.732881,18.261918],[109.74844,18.253281],[109.746128,18.245675],[109.749586,18.243746],[109.745139,18.237104],[109.730458,18.230751],[109.735086,18.223132],[109.731423,18.210788],[109.717992,18.219183],[109.712586,18.217388],[109.706165,18.208137],[109.715675,18.195432],[109.703905,18.194904],[109.691034,18.205959],[109.689432,18.211358],[109.70021,18.221216],[109.689521,18.233284],[109.67693,18.235057],[109.63511,18.226091],[109.616596,18.213922],[109.611122,18.193381],[109.625983,18.172225],[109.621831,18.169659],[109.610013,18.180285],[109.604944,18.173114],[109.586894,18.178033],[109.584514,18.165892],[109.576861,18.164682],[109.578227,18.157541],[109.564301,18.170009],[109.552594,18.1705],[109.561964,18.170708],[109.571326,18.177745],[109.569862,18.185058],[109.563584,18.183767],[109.569424,18.186435],[109.567324,18.190108],[109.577919,18.204321],[109.569409,18.204447],[109.546177,18.222371],[109.578199,18.238267],[109.573261,18.256467],[109.563788,18.234659],[109.536636,18.227469],[109.537513,18.220106],[109.544317,18.218652],[109.541813,18.203299],[109.528347,18.219775],[109.517076,18.219854],[109.509421,18.206768],[109.500921,18.209435],[109.497392,18.193091],[109.485949,18.186762],[109.47601,18.198603],[109.474931,18.207425],[109.481871,18.214357],[109.486439,18.211624],[109.493197,18.215809],[109.495649,18.223059],[109.490494,18.229018],[109.499849,18.232107],[109.501414,18.243004],[109.491197,18.261745],[109.465472,18.278908],[109.433448,18.28728],[109.358825,18.288418],[109.347937,18.291024],[109.341614,18.30007],[109.314946,18.304459],[109.248978,18.295715],[109.24234,18.299586],[109.225178,18.298553],[109.212747,18.293615],[109.212863,18.290037],[109.210119,18.292619],[109.187241,18.283015],[109.158644,18.292935],[109.145411,18.311157],[109.14931,18.314081],[109.139964,18.317414],[109.152733,18.316667],[109.148808,18.33241],[109.137616,18.341458],[109.121508,18.341628],[109.126417,18.344284],[109.119519,18.352626],[109.115221,18.349022],[109.120359,18.343606],[109.114369,18.343952],[109.112085,18.349807],[109.118177,18.353359],[109.110047,18.360468],[109.066892,18.368489],[108.992018,18.35549],[108.98859,18.371261],[108.976563,18.378281],[108.985116,18.390339],[109.00397,18.399764],[109.015232,18.422672],[109.025891,18.423569],[109.031679,18.430715],[109.050578,18.437335],[109.06353,18.435281],[109.072565,18.452209],[109.086269,18.446237],[109.105584,18.457248],[109.107803,18.462968],[109.117634,18.457882],[109.151198,18.465895],[109.16307,18.459552],[109.16729,18.451407],[109.176876,18.449907],[109.187825,18.455317],[109.184597,18.459374],[109.195164,18.469397],[109.195067,18.483651],[109.187124,18.497191],[109.185902,18.514932],[109.206658,18.555602],[109.232814,18.551269],[109.248565,18.558922],[109.271135,18.545652],[109.279631,18.531522],[109.292072,18.529449],[109.294544,18.513481],[109.304322,18.518677],[109.313335,18.517475],[109.319775,18.530278],[109.313538,18.547653],[109.330157,18.57219],[109.37047,18.59394],[109.39782,18.623311],[109.405184,18.623386],[109.408229,18.61784],[109.406632,18.60402],[109.423807,18.574083],[109.420246,18.566732],[109.423206,18.562938],[109.435156,18.568901],[109.455969,18.557014],[109.473761,18.560034],[109.487769,18.552806],[109.50317,18.555091],[109.509469,18.540206],[109.535221,18.53145],[109.536985,18.490765],[109.526205,18.478689],[109.52058,18.455879],[109.527253,18.445756],[109.519839,18.433554],[109.51446,18.435795],[109.515622,18.429063],[109.538096,18.409055],[109.53991,18.396675],[109.563311,18.396246],[109.577625,18.388599],[109.588751,18.395945],[109.604088,18.387511],[109.638197,18.401445],[109.643475,18.393849],[109.656435,18.39106],[109.665623,18.391054],[109.672599,18.398103],[109.677168,18.393981],[109.683563,18.396491],[109.679436,18.405695],[109.683274,18.412779],[109.690127,18.413033],[109.688994,18.426314],[109.696442,18.435632],[109.710255,18.425863],[109.707651,18.448184],[109.713213,18.465343],[109.719364,18.472482],[109.726503,18.472483],[109.725234,18.493032],[109.759553,18.503039],[109.762804,18.525515],[109.769554,18.527423],[109.776311,18.524169],[109.781195,18.51107],[109.775027,18.500857],[109.77768,18.493151],[109.787413,18.486304],[109.798181,18.485713],[109.810826,18.465756],[109.803468,18.439378],[109.784941,18.43326],[109.791504,18.405396],[109.785015,18.402608],[109.78822,18.398638]]],[[[109.370129,18.241474],[109.372976,18.244588],[109.379396,18.238344],[109.382031,18.229442],[109.377404,18.225134],[109.367763,18.22799],[109.370129,18.241474]]],[[[109.417673,18.221504],[109.422954,18.214105],[109.416692,18.210787],[109.416101,18.21553],[109.417673,18.221504]]],[[[109.490943,18.240492],[109.498409,18.24287],[109.497075,18.240092],[109.477404,18.229149],[109.478044,18.233804],[109.490943,18.240492]]]]}},{"type":"Feature","properties":{"regionCode":"460300","regionName":"三沙市","regionLevel":"prefecture_city","parentCode":"460000","parentName":"海南省","sourceName":"GeoJSON.CN","sourceYear":"2025","sourceUrl":"https://geojson.cn/api/china/460000.json","license":"Copyright (c) 2025 GeoJSON.CN; reuse terms require manual confirmation","attribution":"GeoJSON.CN","simplifyToleranceDegrees":0.003},"geometry":{"type":"MultiPolygon","coordinates":[[[[112.993188,19.47227],[112.985115,19.480889],[112.980465,19.496033],[112.984978,19.514491],[112.993609,19.52601],[113.008156,19.531071],[113.029104,19.528877],[113.048424,19.506164],[113.048194,19.49348],[113.027594,19.474125],[113.012415,19.468701],[112.993188,19.47227]]],[[[113.832164,19.158397],[113.811238,19.171068],[113.799539,19.199054],[113.806772,19.223191],[113.828497,19.23198],[113.875901,19.236974],[113.920323,19.2235],[113.929603,19.205114],[113.914687,19.172143],[113.894138,19.157956],[113.874006,19.151449],[113.832164,19.158397]]],[[[111.46307,17.077687],[111.457596,17.075384],[111.449379,17.081093],[111.452049,17.093197],[111.519757,17.119395],[111.541975,17.12002],[111.559388,17.108602],[111.563235,17.099566],[111.559135,17.087722],[111.550878,17.081946],[111.49374,17.058712],[111.482347,17.061045],[111.482011,17.077136],[111.501506,17.074364],[111.51715,17.089389],[111.538267,17.094172],[111.536605,17.10477],[111.486661,17.092404],[111.46307,17.077687]]],[[[111.466943,17.076423],[111.476815,17.069666],[111.475394,17.05983],[111.468682,17.058837],[111.459848,17.069137],[111.458982,17.073059],[111.466943,17.076423]]],[[[112.232677,16.996307],[112.266626,16.994165],[112.287982,16.984992],[112.299076,16.973528],[112.293276,16.967822],[112.252984,16.966775],[112.222521,16.960571],[112.203119,16.96775],[112.203212,16.98344],[112.232677,16.996307]]],[[[112.348867,16.911859],[112.340138,16.916247],[112.33095,16.93596],[112.303847,16.960321],[112.30495,16.973538],[112.333984,16.962578],[112.350155,16.944438],[112.360536,16.925368],[112.356585,16.914442],[112.348867,16.911859]]],[[[111.628239,16.53538],[111.615159,16.527181],[111.599881,16.528674],[111.601456,16.535839],[111.612639,16.544265],[111.631314,16.547981],[111.633717,16.5431],[111.628239,16.53538]]],[[[111.69047,16.587579],[111.69647,16.594533],[111.716985,16.594216],[111.727822,16.583304],[111.731465,16.560572],[111.724471,16.56027],[111.69047,16.587579]]],[[[111.65537,16.558619],[111.655607,16.565391],[111.672093,16.576444],[111.682427,16.574731],[111.682505,16.56796],[111.667044,16.554388],[111.65537,16.558619]]],[[[111.690372,16.565274],[111.692257,16.56356],[111.690487,16.563772],[111.690372,16.565274]]],[[[111.712174,16.546509],[111.713339,16.548408],[111.71566,16.547432],[111.715043,16.545993],[111.712174,16.546509]]],[[[111.720624,16.542997],[111.723614,16.544114],[111.723996,16.542445],[111.722883,16.541205],[111.720624,16.542997]]],[[[112.226538,16.759349],[112.204204,16.774152],[112.203364,16.785765],[112.210816,16.795966],[112.224355,16.795316],[112.262119,16.778129],[112.265192,16.770166],[112.254018,16.751938],[112.235938,16.753277],[112.226538,16.759349]]],[[[112.636507,16.570137],[112.645071,16.569087],[112.646115,16.565425],[112.63695,16.565247],[112.636507,16.570137]]],[[[112.721975,16.676033],[112.730197,16.679035],[112.740867,16.676003],[112.750404,16.667484],[112.75036,16.657846],[112.739902,16.651928],[112.728067,16.655911],[112.720757,16.667347],[112.721975,16.676033]]],[[[112.886771,16.78348],[112.903069,16.787367],[112.907532,16.776331],[112.894822,16.758002],[112.878003,16.752286],[112.871211,16.755625],[112.870117,16.762596],[112.874037,16.772811],[112.886771,16.78348]]],[[[111.58675,16.504817],[111.591819,16.507232],[111.593078,16.500731],[111.588842,16.499471],[111.58675,16.504817]]],[[[111.583676,16.490834],[111.59246,16.490759],[111.606851,16.472059],[111.613865,16.456809],[111.614233,16.440326],[111.6004,16.438238],[111.57839,16.447373],[111.572965,16.469977],[111.576131,16.482981],[111.583676,16.490834]]],[[[111.495108,16.43731],[111.499974,16.451894],[111.515796,16.457252],[111.538729,16.461524],[111.550679,16.453446],[111.550947,16.444723],[111.541616,16.43236],[111.515846,16.438901],[111.495108,16.43731]]],[[[111.64947,16.255645],[111.682732,16.260632],[111.673376,16.246871],[111.649469,16.236975],[111.598844,16.198299],[111.595473,16.190262],[111.600918,16.181186],[111.623754,16.17938],[111.652066,16.201197],[111.690786,16.210862],[111.69988,16.208285],[111.700659,16.198434],[111.656482,16.184092],[111.611035,16.156297],[111.589749,16.153688],[111.568243,16.162786],[111.569538,16.195452],[111.577827,16.208404],[111.64947,16.255645]]],[[[111.714998,16.443212],[111.698429,16.446121],[111.699269,16.452604],[111.716548,16.453791],[111.722036,16.446768],[111.714998,16.443212]]],[[[111.703841,16.209246],[111.716806,16.21367],[111.723831,16.210796],[111.724702,16.203185],[111.707055,16.201856],[111.703841,16.209246]]],[[[111.734445,16.197351],[111.730292,16.20133],[111.735442,16.20764],[111.764494,16.209139],[111.790364,16.220568],[111.795172,16.235829],[111.789703,16.249942],[111.76433,16.255771],[111.749891,16.250462],[111.716501,16.248776],[111.686407,16.256028],[111.684245,16.262331],[111.72747,16.261733],[111.790118,16.274586],[111.813151,16.261772],[111.822012,16.23844],[111.816877,16.224178],[111.800473,16.208108],[111.763331,16.193541],[111.734445,16.197351]]],[[[111.974406,16.323782],[111.982353,16.338413],[112.002899,16.350754],[112.047247,16.360361],[112.074889,16.349671],[112.082239,16.338726],[112.076121,16.323728],[112.056587,16.31299],[111.995697,16.307032],[111.974406,16.323782]]],[[[112.409321,16.295275],[112.452433,16.307179],[112.523086,16.31825],[112.536918,16.312445],[112.54045,16.299093],[112.538779,16.289066],[112.531048,16.285703],[112.475839,16.28889],[112.411246,16.263551],[112.379209,16.269184],[112.379149,16.277535],[112.386022,16.285937],[112.409321,16.295275]]],[[[112.507533,16.46603],[112.496266,16.475187],[112.499598,16.49357],[112.575327,16.537237],[112.584016,16.531428],[112.586644,16.525594],[112.578924,16.513032],[112.556544,16.498745],[112.532408,16.491153],[112.507533,16.46603]]],[[[112.646314,16.385635],[112.644489,16.40316],[112.651334,16.419073],[112.659962,16.426649],[112.672123,16.421723],[112.681778,16.400911],[112.677506,16.388355],[112.664544,16.380748],[112.646314,16.385635]]],[[[112.671745,16.331525],[112.670814,16.344047],[112.67767,16.359125],[112.686317,16.362527],[112.697625,16.356757],[112.701216,16.331727],[112.69344,16.3275],[112.671745,16.331525]]],[[[116.694826,16.345525],[116.718075,16.373416],[116.734126,16.372989],[116.745115,16.365961],[116.7476,16.321667],[116.73594,16.300643],[116.713548,16.296753],[116.708127,16.299785],[116.697961,16.315553],[116.694826,16.345525]]],[[[111.761706,16.06173],[111.815836,16.073068],[111.829583,16.071011],[111.832963,16.061975],[111.828455,16.049342],[111.807382,16.034932],[111.78348,16.028193],[111.75719,16.047509],[111.756287,16.05462],[111.761706,16.06173]]],[[[112.476578,16.001374],[112.44852,16.005248],[112.446267,16.009436],[112.446788,16.027992],[112.462208,16.044072],[112.588097,16.070758],[112.60767,16.066819],[112.612202,16.039314],[112.583765,16.014946],[112.476578,16.001374]]],[[[113.938565,15.835225],[113.9533,15.840539],[113.970582,15.839299],[113.980025,15.826354],[113.973231,15.805645],[113.953215,15.805633],[113.93858,15.818481],[113.938565,15.835225]]],[[[114.103525,15.99266],[114.106679,16.006957],[114.125389,16.010984],[114.134686,16.003011],[114.137599,15.986448],[114.116525,15.977424],[114.105269,15.982982],[114.103525,15.99266]]],[[[114.213006,16.04067],[114.233493,16.050638],[114.283052,16.060463],[114.306447,16.05764],[114.32111,16.043419],[114.307794,16.034144],[114.239903,16.035725],[114.213006,16.04067]]],[[[114.448378,16.03411],[114.448914,16.046709],[114.465429,16.067392],[114.48173,16.071267],[114.513738,16.06944],[114.525161,16.060289],[114.485171,16.034754],[114.4661,16.030102],[114.448378,16.03411]]],[[[114.703184,16.170317],[114.704649,16.199286],[114.723814,16.205896],[114.802911,16.214874],[114.819298,16.207615],[114.816191,16.19856],[114.807112,16.1939],[114.742406,16.184731],[114.703184,16.170317]]],[[[114.790448,15.893721],[114.78756,15.8677],[114.768184,15.869025],[114.76179,15.889058],[114.772168,15.901529],[114.79024,15.898957],[114.790448,15.893721]]],[[[111.192859,15.783125],[111.196269,15.789826],[111.220729,15.801673],[111.228847,15.796134],[111.229552,15.786956],[111.216376,15.773322],[111.19568,15.773354],[111.192859,15.783125]]],[[[112.233596,15.696016],[112.208777,15.695468],[112.203596,15.714211],[112.2266,15.732697],[112.25179,15.743054],[112.259853,15.734947],[112.254123,15.711651],[112.233596,15.696016]]],[[[113.715106,15.60043],[113.724445,15.613419],[113.741741,15.614753],[113.757707,15.610901],[113.763084,15.601789],[113.74789,15.594078],[113.727197,15.592603],[113.715106,15.60043]]],[[[113.89355,15.670488],[113.900357,15.683968],[113.920334,15.685186],[113.922793,15.672386],[113.918001,15.656779],[113.897727,15.650301],[113.89355,15.670488]]],[[[114.265333,15.550333],[114.2832,15.537688],[114.269689,15.522289],[114.257825,15.526641],[114.259284,15.545263],[114.265333,15.550333]]],[[[114.457665,15.599489],[114.477951,15.601789],[114.491889,15.593487],[114.49317,15.587819],[114.482243,15.576881],[114.469126,15.575692],[114.457665,15.599489]]],[[[114.610186,15.649309],[114.618756,15.632808],[114.610966,15.615304],[114.594172,15.615343],[114.581301,15.625389],[114.590373,15.641629],[114.610186,15.649309]]],[[[113.860623,15.477235],[113.872653,15.491498],[113.892551,15.490188],[113.899253,15.478507],[113.896547,15.465534],[113.873885,15.461727],[113.860623,15.477235]]],[[[113.981729,15.419289],[113.98584,15.429115],[113.993856,15.433562],[114.014678,15.429107],[114.024858,15.421111],[114.022938,15.411294],[114.015237,15.408518],[113.981729,15.419289]]],[[[114.234908,15.434931],[114.243294,15.456611],[114.263796,15.447214],[114.250983,15.429326],[114.234908,15.434931]]],[[[117.708267,15.182577],[117.718907,15.228827],[117.742913,15.234347],[117.782736,15.187474],[117.839133,15.159287],[117.846051,15.139686],[117.844648,15.127293],[117.839892,15.126498],[117.829305,15.152999],[117.779351,15.172152],[117.744599,15.217726],[117.732118,15.218443],[117.720798,15.195393],[117.72522,15.131258],[117.736998,15.124942],[117.829262,15.110333],[117.826841,15.106807],[117.787183,15.103603],[117.726851,15.105448],[117.712711,15.118313],[117.709877,15.128756],[117.708267,15.182577]]],[[[117.835264,15.133911],[117.830873,15.13223],[117.825287,15.134671],[117.83018,15.138093],[117.835264,15.133911]]],[[[117.818859,15.11841],[117.814468,15.116728],[117.808881,15.119168],[117.813775,15.122591],[117.818859,15.11841]]],[[[115.361845,13.948975],[115.377337,13.968943],[115.399147,13.977582],[115.423439,13.977436],[115.438723,13.961039],[115.438558,13.943488],[115.421902,13.92989],[115.397613,13.925034],[115.382236,13.931349],[115.361845,13.948975]]],[[[114.312317,11.376026],[114.298558,11.37711],[114.30188,11.392444],[114.308944,11.396196],[114.313056,11.394254],[114.30868,11.386239],[114.314162,11.381718],[114.312317,11.376026]]],[[[114.395073,11.454569],[114.385593,11.464808],[114.403724,11.467362],[114.404487,11.451135],[114.395073,11.454569]]],[[[114.349741,11.448921],[114.355985,11.457133],[114.369868,11.458745],[114.360507,11.446958],[114.35229,11.445163],[114.349741,11.448921]]],[[[114.33012,11.428794],[114.337064,11.435617],[114.341205,11.433079],[114.336363,11.423206],[114.331189,11.422919],[114.33012,11.428794]]],[[[114.619788,11.431992],[114.619838,11.515811],[114.645254,11.530879],[114.657335,11.527504],[114.661866,11.522626],[114.650929,11.431709],[114.643421,11.42367],[114.62968,11.422245],[114.619788,11.431992]]],[[[114.56974,11.320709],[114.583787,11.337716],[114.595089,11.327665],[114.596911,11.314821],[114.580349,11.306661],[114.56974,11.320709]]],[[[114.688824,11.469163],[114.689088,11.47823],[114.696581,11.488384],[114.713881,11.492662],[114.726699,11.48841],[114.737895,11.463671],[114.734136,11.432335],[114.722321,11.429357],[114.701857,11.439945],[114.688824,11.469163]]],[[[116.726919,11.501725],[116.733361,11.514333],[116.738164,11.514816],[116.757432,11.483326],[116.772149,11.445524],[116.771027,11.435095],[116.765022,11.430245],[116.733346,11.47636],[116.726919,11.501725]]],[[[114.187689,11.028747],[114.191448,11.034909],[114.196397,11.034377],[114.193861,11.023007],[114.187689,11.028747]]],[[[114.217794,11.060765],[114.226437,11.066133],[114.236454,11.065049],[114.239555,11.059669],[114.228583,11.052627],[114.217794,11.060765]]],[[[114.258804,11.077767],[114.267413,11.072431],[114.261718,11.066237],[114.257431,11.068675],[114.258804,11.077767]]],[[[114.31267,11.058146],[114.331965,11.069454],[114.335292,11.0614],[114.345979,11.059304],[114.350314,11.050748],[114.317244,11.051492],[114.31267,11.058146]]],[[[114.281254,11.049895],[114.289161,11.060983],[114.299312,11.051989],[114.286539,11.045502],[114.281254,11.049895]]],[[[114.789574,11.154741],[114.808623,11.153073],[114.809426,11.14135],[114.78821,11.14753],[114.789574,11.154741]]],[[[114.69717,11.004491],[114.710561,11.039763],[114.766516,11.110226],[114.776788,11.112735],[114.801172,11.103482],[114.793333,11.076371],[114.710288,11.002143],[114.69717,11.004491]]],[[[114.985218,11.078581],[114.985804,11.086779],[114.994661,11.095878],[115.010581,11.094899],[115.021482,11.086149],[115.011008,11.061297],[114.992277,11.063912],[114.985218,11.078581]]],[[[117.021644,11.064742],[117.041512,11.089937],[117.068789,11.07666],[117.067455,11.037143],[117.050355,11.043448],[117.036143,11.035921],[117.021644,11.064742]]],[[[117.299397,11.077632],[117.309998,11.051233],[117.304439,11.027364],[117.28444,11.025245],[117.267112,11.041244],[117.264289,11.062791],[117.281347,11.078779],[117.299397,11.077632]]],[[[117.449668,11.064663],[117.451944,11.07845],[117.468664,11.090347],[117.485432,11.087507],[117.478948,11.07189],[117.449668,11.064663]]],[[[117.690788,11.048844],[117.704549,11.031767],[117.690308,11.016581],[117.670048,11.015295],[117.656179,11.024687],[117.653381,11.046234],[117.670641,11.055239],[117.690788,11.048844]]],[[[114.469335,10.835995],[114.554691,10.901077],[114.58728,10.909022],[114.597655,10.898872],[114.593387,10.856514],[114.583113,10.839347],[114.565189,10.836545],[114.538401,10.853583],[114.516169,10.849676],[114.49454,10.823465],[114.477548,10.812654],[114.469335,10.835995]]],[[[114.352024,10.730639],[114.36581,10.729867],[114.338791,10.711203],[114.340125,10.699206],[114.31952,10.693533],[114.328814,10.708962],[114.352024,10.730639]]],[[[114.424393,10.672434],[114.432772,10.670115],[114.432013,10.661546],[114.422612,10.663837],[114.424393,10.672434]]],[[[114.493041,10.717274],[114.499544,10.739559],[114.524934,10.767417],[114.536356,10.790488],[114.554617,10.795471],[114.562758,10.77821],[114.553042,10.756863],[114.513744,10.722245],[114.495806,10.714759],[114.493041,10.717274]]],[[[114.577093,10.777665],[114.576148,10.773301],[114.569647,10.774716],[114.569674,10.780235],[114.577093,10.777665]]],[[[114.561208,10.751913],[114.565369,10.755448],[114.570346,10.750975],[114.565545,10.745316],[114.561208,10.751913]]],[[[114.533986,10.713574],[114.543467,10.713012],[114.540904,10.702921],[114.532681,10.705069],[114.533986,10.713574]]],[[[114.850892,10.825572],[114.856378,10.837327],[114.865589,10.835967],[114.871762,10.818169],[114.860192,10.813206],[114.853582,10.81581],[114.850892,10.825572]]],[[[114.910634,10.863072],[114.934048,10.902919],[114.947988,10.908566],[114.95774,10.904973],[114.959841,10.892431],[114.950295,10.864934],[114.938724,10.84826],[114.930891,10.841739],[114.919084,10.84157],[114.910634,10.863072]]],[[[115.822066,10.815466],[115.826061,10.82059],[115.833779,10.818685],[115.827631,10.811585],[115.822066,10.815466]]],[[[115.802756,10.729742],[115.804953,10.736632],[115.809576,10.736914],[115.808824,10.728225],[115.802756,10.729742]]],[[[115.841622,10.845722],[115.84601,10.85365],[115.864004,10.847771],[115.869564,10.837324],[115.866514,10.829139],[115.855998,10.828215],[115.841622,10.845722]]],[[[117.172756,10.605789],[117.17477,10.620781],[117.184521,10.620184],[117.209659,10.594868],[117.209392,10.589141],[117.199374,10.584465],[117.177887,10.588775],[117.173371,10.593254],[117.172756,10.605789]]],[[[117.213877,10.734887],[117.221153,10.727482],[117.217622,10.713586],[117.206826,10.707759],[117.195469,10.71124],[117.184219,10.722025],[117.18103,10.734689],[117.187158,10.741905],[117.213877,10.734887]]],[[[117.266845,10.691692],[117.267649,10.700392],[117.293001,10.735327],[117.32518,10.744353],[117.369262,10.742469],[117.403323,10.725425],[117.418513,10.70253],[117.416782,10.676778],[117.404756,10.670848],[117.348735,10.672681],[117.276814,10.685157],[117.266845,10.691692]]],[[[117.631085,10.62881],[117.633241,10.640779],[117.647261,10.65169],[117.659228,10.653069],[117.668458,10.647121],[117.65442,10.628838],[117.64226,10.622192],[117.635995,10.621577],[117.631085,10.62881]]],[[[117.770836,10.773502],[117.773447,10.805889],[117.80165,10.839513],[117.812084,10.843979],[117.831536,10.838745],[117.836843,10.808287],[117.822722,10.773607],[117.798695,10.753285],[117.777339,10.752172],[117.771598,10.75361],[117.770836,10.773502]]],[[[114.242474,10.241836],[114.244022,10.254863],[114.279486,10.285645],[114.312592,10.300764],[114.323095,10.295947],[114.326314,10.284777],[114.304538,10.267113],[114.26068,10.238348],[114.247247,10.236433],[114.242474,10.241836]]],[[[114.408146,10.38353],[114.418375,10.389044],[114.42811,10.383887],[114.419722,10.374453],[114.411637,10.376909],[114.408146,10.38353]]],[[[114.477551,10.374275],[114.483502,10.381219],[114.490895,10.372186],[114.481888,10.368452],[114.477551,10.374275]]],[[[114.358594,10.372357],[114.373242,10.381637],[114.379955,10.379134],[114.371396,10.370885],[114.358594,10.372357]]],[[[114.567589,10.411981],[114.576173,10.418247],[114.588287,10.416421],[114.583416,10.406431],[114.570968,10.406031],[114.567589,10.411981]]],[[[114.536744,10.254207],[114.542882,10.26129],[114.612041,10.286971],[114.622888,10.2752],[114.61967,10.267276],[114.550496,10.236316],[114.536744,10.254207]]],[[[114.689726,10.345732],[114.703593,10.374049],[114.725605,10.3799],[114.747197,10.371954],[114.746663,10.35842],[114.725939,10.31911],[114.712206,10.319706],[114.702255,10.312736],[114.690859,10.326714],[114.689726,10.345732]]],[[[115.361967,10.242959],[115.367695,10.256311],[115.381778,10.253604],[115.369692,10.241773],[115.361967,10.242959]]],[[[115.71859,10.533483],[115.725468,10.540103],[115.741476,10.540289],[115.748779,10.532025],[115.749906,10.513407],[115.739295,10.510184],[115.725376,10.517134],[115.71859,10.533483]]],[[[115.782166,10.540895],[115.804982,10.524698],[115.808281,10.510348],[115.795466,10.499927],[115.77352,10.521163],[115.771466,10.531288],[115.782166,10.540895]]],[[[115.704568,10.506841],[115.712667,10.513639],[115.721458,10.508343],[115.724763,10.497645],[115.721365,10.479458],[115.701255,10.482562],[115.704568,10.506841]]],[[[115.726028,10.465422],[115.730702,10.471626],[115.743186,10.46349],[115.743138,10.439623],[115.735046,10.437568],[115.722758,10.445221],[115.726028,10.465422]]],[[[115.758222,10.461043],[115.76381,10.47027],[115.775284,10.471028],[115.802005,10.463649],[115.801882,10.446804],[115.776304,10.434799],[115.762359,10.445431],[115.758222,10.461043]]],[[[116.638289,10.504134],[116.645187,10.515588],[116.652403,10.517857],[116.699208,10.517455],[116.712683,10.505159],[116.707116,10.491113],[116.692783,10.489074],[116.650544,10.491882],[116.638289,10.504134]]],[[[116.514914,10.349366],[116.544107,10.34719],[116.637963,10.364939],[116.645944,10.358842],[116.647805,10.342776],[116.644745,10.334936],[116.621207,10.320699],[116.566505,10.304385],[116.511525,10.297747],[116.467035,10.308897],[116.460941,10.317544],[116.461862,10.349177],[116.488616,10.395902],[116.526382,10.427087],[116.542333,10.420028],[116.539708,10.401302],[116.522293,10.376],[116.514152,10.358547],[116.514914,10.349366]]],[[[116.832539,10.476641],[116.845439,10.493014],[116.866345,10.495651],[116.873424,10.490628],[116.869699,10.477715],[116.855004,10.46849],[116.835626,10.471431],[116.832539,10.476641]]],[[[117.257883,10.320607],[117.261025,10.34508],[117.267588,10.355059],[117.274679,10.358206],[117.294091,10.352377],[117.29975,10.343122],[117.301546,10.321778],[117.295875,10.310423],[117.284579,10.304093],[117.270576,10.303266],[117.257883,10.320607]]],[[[113.596982,10.240954],[113.60651,10.253942],[113.616406,10.257539],[113.624687,10.256273],[113.638213,10.238773],[113.621099,10.221572],[113.596982,10.240954]]],[[[113.846059,10.0188],[113.845432,10.061077],[113.856766,10.094501],[113.856557,10.122056],[113.861595,10.126885],[113.872512,10.122873],[113.875661,10.113614],[113.86495,10.046111],[113.865369,10.003203],[113.86075,9.992062],[113.850256,9.989766],[113.84375,9.994406],[113.846059,10.0188]]],[[[114.030595,10.023728],[114.04758,10.027864],[114.051492,10.016374],[114.034283,10.013159],[114.030595,10.023728]]],[[[114.220394,10.210158],[114.227622,10.215971],[114.233702,10.212028],[114.227353,10.205235],[114.220394,10.210158]]],[[[114.234372,10.148885],[114.245706,10.17602],[114.27422,10.169801],[114.277176,10.153581],[114.26584,10.13358],[114.239357,10.137172],[114.234372,10.148885]]],[[[114.297098,10.175865],[114.309195,10.196677],[114.336565,10.188723],[114.340632,10.174284],[114.326783,10.153473],[114.300199,10.159846],[114.297098,10.175865]]],[[[114.38251,10.201813],[114.391992,10.214781],[114.42002,10.229868],[114.440034,10.222663],[114.419626,10.196148],[114.392669,10.183816],[114.384029,10.189475],[114.38251,10.201813]]],[[[114.380178,10.176756],[114.372893,10.170542],[114.347273,10.178009],[114.366605,10.184094],[114.378185,10.181274],[114.380178,10.176756]]],[[[114.39162,9.900323],[114.398992,9.90159],[114.407942,9.892325],[114.398255,9.888533],[114.39162,9.900323]]],[[[114.457802,9.903819],[114.45713,9.908875],[114.465281,9.912816],[114.481158,9.900306],[114.47637,9.891728],[114.465952,9.889228],[114.45839,9.894636],[114.457802,9.903819]]],[[[114.518051,9.931999],[114.521579,9.940328],[114.531742,9.93912],[114.533842,9.920919],[114.528717,9.92068],[114.518051,9.931999]]],[[[114.505486,9.921171],[114.509685,9.918547],[114.506409,9.904658],[114.490118,9.904707],[114.496585,9.920945],[114.505486,9.921171]]],[[[114.617358,9.965476],[114.618878,9.974728],[114.652879,9.982909],[114.685933,9.978943],[114.684451,9.953261],[114.672186,9.927738],[114.659797,9.925218],[114.655111,9.917977],[114.64201,9.917395],[114.635963,9.921931],[114.63223,9.933012],[114.635154,9.953888],[114.617358,9.965476]]],[[[114.58091,9.958279],[114.591465,9.951953],[114.587483,9.945308],[114.578005,9.949032],[114.58091,9.958279]]],[[[114.552509,9.942562],[114.566772,9.947104],[114.574537,9.93781],[114.568421,9.931597],[114.555904,9.929529],[114.54955,9.935083],[114.552509,9.942562]]],[[[115.287582,10.183382],[115.282658,10.191766],[115.284686,10.211055],[115.30951,10.197975],[115.332701,10.203514],[115.316272,10.180243],[115.301973,10.173758],[115.288548,10.172775],[115.287582,10.183382]]],[[[115.513879,9.931765],[115.524282,9.933767],[115.572928,9.922371],[115.584842,9.91011],[115.585164,9.89641],[115.554261,9.870184],[115.513108,9.877062],[115.500064,9.898125],[115.501753,9.916749],[115.513879,9.931765]]],[[[116.045498,10.095449],[116.073372,10.131098],[116.086108,10.122391],[116.096033,10.093595],[116.081598,10.069502],[116.070264,10.064001],[116.045498,10.095449]]],[[[117.348224,10.090366],[117.353864,10.10465],[117.373855,10.10661],[117.38734,10.10121],[117.391232,10.093114],[117.387509,10.066561],[117.356198,10.060958],[117.348224,10.090366]]],[[[112.512049,9.544846],[112.528651,9.55894],[112.549173,9.56156],[112.567195,9.553965],[112.577581,9.534855],[112.568685,9.516938],[112.52504,9.518065],[112.508319,9.525679],[112.512049,9.544846]]],[[[112.954729,9.637441],[112.962744,9.644023],[112.97036,9.639585],[112.956216,9.629114],[112.954729,9.637441]]],[[[112.935733,9.632815],[112.94278,9.637674],[112.946954,9.635956],[112.941738,9.630076],[112.935733,9.632815]]],[[[112.927215,9.6237],[112.934395,9.626554],[112.938215,9.622852],[112.930871,9.619621],[112.927215,9.6237]]],[[[112.891599,9.584408],[112.89525,9.59049],[112.907381,9.585918],[112.90295,9.569215],[112.893531,9.569129],[112.891599,9.584408]]],[[[112.873035,9.572455],[112.876454,9.577369],[112.884252,9.575269],[112.877263,9.568598],[112.873035,9.572455]]],[[[112.977322,9.650958],[112.988835,9.655137],[112.994042,9.649776],[112.983494,9.643673],[112.977322,9.650958]]],[[[113.001004,9.655144],[113.010209,9.659423],[113.01121,9.648217],[113.001587,9.648987],[113.001004,9.655144]]],[[[113.018583,9.662388],[113.024334,9.663606],[113.027975,9.658182],[113.020949,9.655334],[113.018583,9.662388]]],[[[113.017065,9.675895],[113.023314,9.680586],[113.036446,9.67815],[113.045334,9.662694],[113.04222,9.657659],[113.029081,9.658647],[113.017065,9.675895]]],[[[114.301107,9.854171],[114.294643,9.85057],[114.286069,9.853805],[114.28937,9.865286],[114.299361,9.867565],[114.301107,9.854171]]],[[[114.305554,9.875096],[114.303784,9.880123],[114.308276,9.883801],[114.317125,9.875524],[114.311339,9.871572],[114.305554,9.875096]]],[[[114.256067,9.824297],[114.26235,9.836193],[114.270706,9.837349],[114.272055,9.817446],[114.260545,9.816194],[114.256067,9.824297]]],[[[114.254307,9.76857],[114.260231,9.778926],[114.270224,9.76364],[114.263047,9.758405],[114.254307,9.76857]]],[[[114.326541,9.887096],[114.336126,9.889338],[114.340716,9.87998],[114.330861,9.879692],[114.326541,9.887096]]],[[[114.491625,9.853017],[114.498984,9.850145],[114.498791,9.84639],[114.494659,9.84556],[114.491625,9.853017]]],[[[114.461371,9.840263],[114.47487,9.830385],[114.473578,9.82469],[114.456202,9.822141],[114.456073,9.835353],[114.461371,9.840263]]],[[[114.397464,9.793462],[114.395976,9.800766],[114.40247,9.804285],[114.413694,9.795762],[114.405107,9.787579],[114.397464,9.793462]]],[[[114.344094,9.753578],[114.349267,9.759213],[114.357018,9.75822],[114.357747,9.744094],[114.347083,9.740779],[114.344094,9.753578]]],[[[114.451858,9.815911],[114.467693,9.81073],[114.46417,9.798573],[114.458646,9.795369],[114.449615,9.801647],[114.451858,9.815911]]],[[[114.512457,9.872576],[114.521966,9.866778],[114.51352,9.859433],[114.508567,9.867619],[114.512457,9.872576]]],[[[114.542277,9.887201],[114.554339,9.89287],[114.565851,9.881311],[114.56625,9.86959],[114.557439,9.866425],[114.546822,9.871546],[114.542277,9.887201]]],[[[114.583127,9.883315],[114.589736,9.886241],[114.60059,9.87792],[114.594506,9.868526],[114.580629,9.872499],[114.583127,9.883315]]],[[[114.714784,9.736916],[114.720398,9.717268],[114.70476,9.700454],[114.6807,9.707491],[114.677926,9.727134],[114.693545,9.741151],[114.714784,9.736916]]],[[[115.837513,9.709603],[115.857409,9.759785],[115.870765,9.778706],[115.901146,9.796022],[115.918028,9.790651],[115.925583,9.781499],[115.920915,9.764978],[115.923305,9.748424],[115.89482,9.657434],[115.884093,9.648469],[115.867345,9.650145],[115.861238,9.694303],[115.838458,9.701067],[115.837513,9.709603]]],[[[116.152639,9.579394],[116.155673,9.592683],[116.170474,9.597293],[116.187839,9.595583],[116.197098,9.578937],[116.189362,9.565309],[116.16091,9.562733],[116.152639,9.579394]]],[[[116.46994,9.809803],[116.471784,9.817578],[116.488092,9.822696],[116.508248,9.803745],[116.508612,9.79096],[116.49239,9.781798],[116.48456,9.782277],[116.46994,9.809803]]],[[[116.430614,9.798075],[116.439359,9.803926],[116.452703,9.797024],[116.451297,9.761542],[116.434517,9.765243],[116.430614,9.798075]]],[[[116.5279,9.747282],[116.539621,9.744692],[116.541131,9.74058],[116.519919,9.738511],[116.518734,9.744426],[116.5279,9.747282]]],[[[116.557052,9.745263],[116.582101,9.74338],[116.593536,9.723927],[116.56654,9.718674],[116.550552,9.737534],[116.551342,9.743691],[116.557052,9.745263]]],[[[116.594737,9.735822],[116.608903,9.720898],[116.607505,9.713849],[116.59607,9.723692],[116.59099,9.733727],[116.594737,9.735822]]],[[[111.530647,9.276472],[111.544391,9.285336],[111.555723,9.285003],[111.557014,9.280839],[111.535799,9.264402],[111.520715,9.26388],[111.522317,9.270988],[111.530647,9.276472]]],[[[111.70122,9.314416],[111.721669,9.339793],[111.733946,9.343292],[111.738383,9.334003],[111.735472,9.324247],[111.711136,9.310193],[111.70122,9.314416]]],[[[112.853639,9.530698],[112.86908,9.553355],[112.88304,9.559865],[112.886688,9.555856],[112.884499,9.545563],[112.862948,9.530205],[112.853639,9.530698]]],[[[113.660284,9.231006],[113.67202,9.242755],[113.680041,9.24405],[113.69719,9.225775],[113.695862,9.218148],[113.683288,9.213415],[113.674306,9.20273],[113.660309,9.223738],[113.660284,9.231006]]],[[[114.166833,9.384524],[114.194134,9.391579],[114.202672,9.374538],[114.195821,9.350728],[114.1753,9.342271],[114.166763,9.357611],[114.166833,9.384524]]],[[[115.427961,9.37857],[115.450518,9.41686],[115.456196,9.416932],[115.463039,9.371565],[115.470048,9.359079],[115.456026,9.346728],[115.439574,9.34818],[115.427961,9.37857]]],[[[115.977286,9.322169],[115.999294,9.293671],[115.995777,9.277625],[115.976475,9.268006],[115.942967,9.269682],[115.922075,9.292228],[115.926357,9.311252],[115.946003,9.321589],[115.977286,9.322169]]],[[[116.92715,9.462756],[116.934503,9.466014],[116.939486,9.461247],[116.929118,9.444786],[116.921205,9.454929],[116.92715,9.462756]]],[[[112.207784,8.835418],[112.223967,8.855593],[112.240999,8.852832],[112.241706,8.841013],[112.235879,8.827363],[112.215595,8.825354],[112.207784,8.835418]]],[[[112.244289,8.874493],[112.272042,8.890719],[112.285503,8.888785],[112.290952,8.873862],[112.281476,8.854898],[112.272941,8.852369],[112.261601,8.854743],[112.244289,8.874493]]],[[[112.216791,8.866555],[112.19757,8.851144],[112.180567,8.862064],[112.201194,8.885404],[112.224654,8.887894],[112.227542,8.881062],[112.216791,8.866555]]],[[[112.346028,8.926131],[112.351465,8.93714],[112.362683,8.943543],[112.384983,8.947049],[112.394877,8.936048],[112.392717,8.919547],[112.375667,8.908805],[112.35167,8.911038],[112.346028,8.926131]]],[[[112.537482,8.846391],[112.544206,8.854403],[112.598296,8.85901],[112.636087,8.83775],[112.644569,8.822796],[112.639848,8.818518],[112.611678,8.814678],[112.570753,8.815388],[112.549416,8.824476],[112.537482,8.846391]]],[[[112.823266,8.910577],[112.824893,8.918929],[112.842508,8.922183],[112.853017,8.920153],[112.874499,8.904143],[112.868627,8.891269],[112.859341,8.889479],[112.841611,8.893878],[112.823266,8.910577]]],[[[113.638122,8.976763],[113.644804,8.989449],[113.719223,9.019995],[113.725913,9.01743],[113.730876,9.007282],[113.686013,8.973268],[113.671349,8.971362],[113.654543,8.961932],[113.638122,8.976763]]],[[[113.939228,8.874982],[113.938411,8.865854],[113.932287,8.860497],[113.936508,8.848282],[113.925374,8.838268],[113.916398,8.837988],[113.893594,8.862575],[113.894124,8.871495],[113.912044,8.889068],[113.939228,8.874982]]],[[[113.977002,8.872794],[113.985865,8.879025],[114.009017,8.86996],[114.051635,8.831624],[114.063785,8.799771],[114.054606,8.778694],[114.037136,8.780946],[114.031397,8.806458],[114.014816,8.835685],[113.996995,8.847189],[113.977002,8.872794]]],[[[113.955825,8.840365],[113.968345,8.844306],[113.977546,8.841354],[114.011803,8.794173],[114.003877,8.790153],[113.975158,8.792791],[113.954803,8.829903],[113.955825,8.840365]]],[[[114.598772,8.84604],[114.612859,8.876698],[114.637213,8.89525],[114.665343,8.899872],[114.680912,8.884548],[114.670262,8.861901],[114.64558,8.844691],[114.614492,8.836144],[114.604309,8.837402],[114.598772,8.84604]]],[[[116.273488,8.879625],[116.286949,8.900547],[116.306023,8.917274],[116.320983,8.917958],[116.32865,8.909655],[116.330469,8.894335],[116.321402,8.893466],[116.311322,8.880684],[116.301556,8.883811],[116.304071,8.866517],[116.298814,8.860163],[116.294167,8.858089],[116.28094,8.864495],[116.273488,8.879625]]],[[[116.457317,9.174616],[116.480033,9.184128],[116.494619,9.179815],[116.500019,9.158325],[116.487089,9.139303],[116.477074,9.137117],[116.466585,9.145054],[116.45345,9.165845],[116.457317,9.174616]]],[[[116.749533,9.056628],[116.740568,9.028645],[116.731844,9.023118],[116.70885,9.024084],[116.69931,9.048876],[116.705903,9.05661],[116.71719,9.062939],[116.749533,9.056628]]],[[[111.463368,8.524957],[111.477895,8.54727],[111.489269,8.550506],[111.511565,8.547772],[111.509537,8.539658],[111.493253,8.522157],[111.466086,8.519637],[111.463368,8.524957]]],[[[111.658143,8.672772],[111.672518,8.67944],[111.709648,8.675255],[111.717895,8.649896],[111.684362,8.625136],[111.665727,8.622843],[111.652951,8.63318],[111.650423,8.641677],[111.658143,8.672772]]],[[[111.922996,8.644118],[111.927036,8.643689],[111.922606,8.639733],[111.922996,8.644118]]],[[[114.194275,8.76448],[114.197632,8.78045],[114.206708,8.786868],[114.222054,8.784702],[114.24138,8.757671],[114.248852,8.724398],[114.235429,8.718226],[114.223785,8.756458],[114.214775,8.760552],[114.211611,8.754309],[114.226211,8.713308],[114.215597,8.708726],[114.210279,8.712343],[114.197867,8.737757],[114.194275,8.76448]]],[[[115.257868,8.509697],[115.262096,8.516002],[115.278705,8.521861],[115.296069,8.510974],[115.290029,8.485511],[115.268479,8.477948],[115.258205,8.488897],[115.257868,8.509697]]],[[[115.509494,8.490724],[115.514151,8.51939],[115.533405,8.523992],[115.560748,8.521599],[115.568947,8.490129],[115.558237,8.462948],[115.521916,8.460341],[115.509494,8.490724]]],[[[112.945217,8.410058],[112.945908,8.425933],[112.955588,8.436913],[112.964825,8.439261],[112.98365,8.433442],[112.984672,8.422886],[112.974808,8.406064],[112.955358,8.403081],[112.945217,8.410058]]],[[[113.266007,8.126215],[113.29928,8.182813],[113.351716,8.234042],[113.356304,8.263346],[113.349837,8.278515],[113.354063,8.304004],[113.363083,8.309967],[113.375415,8.309317],[113.386274,8.289365],[113.386271,8.238351],[113.34983,8.172414],[113.316443,8.133067],[113.290372,8.113179],[113.289961,8.121872],[113.342903,8.193697],[113.337747,8.199753],[113.332552,8.197121],[113.31084,8.177657],[113.274987,8.122781],[113.266007,8.126215]]],[[[114.507813,8.120235],[114.512407,8.129613],[114.562336,8.150411],[114.595995,8.158122],[114.615836,8.155906],[114.624493,8.14943],[114.618591,8.132774],[114.573518,8.113776],[114.520815,8.103223],[114.509627,8.111726],[114.507813,8.120235]]],[[[114.670008,8.210269],[114.688148,8.218275],[114.708454,8.210816],[114.726638,8.210569],[114.742501,8.197508],[114.741532,8.18941],[114.718839,8.183926],[114.69122,8.185026],[114.670008,8.210269]]],[[[114.791766,8.161002],[114.809014,8.159686],[114.818381,8.141284],[114.818095,8.121938],[114.811959,8.110448],[114.777092,8.114082],[114.774066,8.12431],[114.778516,8.152118],[114.791766,8.161002]]],[[[115.167365,8.386298],[115.178251,8.395292],[115.202682,8.395604],[115.229357,8.384698],[115.305121,8.368912],[115.315694,8.356124],[115.284952,8.315017],[115.266444,8.313231],[115.180916,8.345805],[115.168629,8.361065],[115.167365,8.386298]]],[[[109.936338,7.848327],[109.940167,7.870815],[109.952813,7.888619],[110.033011,7.944485],[110.056787,7.953294],[110.078031,7.949407],[110.082835,7.896613],[110.07634,7.87805],[110.050192,7.846475],[109.988284,7.812651],[109.976515,7.811705],[109.948032,7.815689],[109.936581,7.824004],[109.936338,7.848327]]],[[[110.459757,8.116338],[110.461598,8.128271],[110.476345,8.135367],[110.568193,8.172542],[110.594768,8.173075],[110.599799,8.156857],[110.582238,8.121545],[110.554326,8.093639],[110.513883,8.07512],[110.478335,8.068174],[110.471214,8.072143],[110.459757,8.116338]]],[[[110.460613,7.79978],[110.485014,7.827784],[110.509858,7.820074],[110.512519,7.81319],[110.511579,7.805805],[110.481629,7.7813],[110.465213,7.783226],[110.460613,7.79978]]],[[[110.609034,8.01098],[110.622674,8.041134],[110.637938,8.039661],[110.643277,8.005303],[110.640695,7.985298],[110.613248,7.987875],[110.609034,8.01098]]],[[[111.553746,7.807761],[111.583244,7.849061],[111.603884,7.861562],[111.613032,7.858828],[111.61969,7.840547],[111.585183,7.771382],[111.580328,7.769361],[111.57353,7.774324],[111.553746,7.807761]]],[[[111.638813,7.907071],[111.651804,7.932501],[111.683593,7.936173],[111.713628,7.927352],[111.725091,7.908726],[111.71274,7.887377],[111.688978,7.885857],[111.665188,7.886849],[111.638813,7.907071]]],[[[111.925445,8.070792],[111.926921,8.088801],[111.938888,8.100597],[111.954579,8.106273],[111.978118,8.106519],[112.013193,8.093248],[112.01873,8.065554],[111.995016,8.047362],[111.965201,8.047426],[111.934637,8.058139],[111.925445,8.070792]]],[[[112.892055,7.844247],[112.893251,7.854004],[112.905554,7.862477],[112.931807,7.867518],[112.934698,7.862005],[112.934508,7.836876],[112.929571,7.827693],[112.898356,7.827458],[112.892055,7.844247]]],[[[113.222018,8.074037],[113.238251,8.097546],[113.26098,8.116459],[113.269831,8.119936],[113.283312,8.114945],[113.283518,8.110937],[113.236137,8.068697],[113.2305,8.066333],[113.222018,8.074037]]],[[[113.894743,8.004953],[113.896344,8.012686],[113.906723,8.019926],[113.93996,8.018268],[113.969718,7.974935],[113.970619,7.944742],[113.94921,7.941567],[113.916197,7.954427],[113.899843,7.972872],[113.894743,8.004953]]],[[[114.100843,8.098767],[114.123025,8.115495],[114.13465,8.111811],[114.132396,8.090823],[114.113729,8.077992],[114.100976,8.078957],[114.100843,8.098767]]],[[[114.868325,7.983755],[114.883278,8.01182],[114.897644,8.01264],[114.914252,8.007561],[114.922361,7.980752],[114.907404,7.951239],[114.900086,7.949266],[114.883685,7.954836],[114.868325,7.983755]]],[[[111.539125,7.544228],[111.543823,7.566355],[111.563453,7.602547],[111.58934,7.609706],[111.60682,7.607386],[111.612375,7.592258],[111.5835,7.543232],[111.566451,7.528379],[111.54299,7.52464],[111.539125,7.544228]]],[[[111.670502,7.651311],[111.67253,7.683884],[111.691233,7.711787],[111.709075,7.725076],[111.726506,7.73023],[111.744255,7.723737],[111.749668,7.704049],[111.738309,7.681712],[111.707408,7.6488],[111.687954,7.642891],[111.676156,7.643802],[111.670502,7.651311]]],[[[113.76943,7.636926],[113.792324,7.647271],[113.822174,7.647222],[113.834155,7.641088],[113.837312,7.625367],[113.833936,7.616206],[113.815093,7.602927],[113.778698,7.600359],[113.771174,7.604075],[113.765939,7.615537],[113.76943,7.636926]]],[[[113.896965,7.607029],[113.906463,7.63116],[114.029057,7.669887],[114.056108,7.686507],[114.095068,7.721005],[114.20756,7.782506],[114.268229,7.870724],[114.41466,7.952783],[114.439499,7.963723],[114.472584,7.969096],[114.511361,7.966578],[114.533133,7.955033],[114.54076,7.945564],[114.555092,7.891229],[114.554398,7.879239],[114.540487,7.861958],[114.464127,7.814965],[114.433847,7.787621],[114.420082,7.76572],[114.407801,7.683364],[114.368451,7.638626],[114.290153,7.617284],[114.157593,7.561438],[114.058944,7.537879],[113.978342,7.537799],[113.922134,7.56374],[113.898096,7.599111],[113.896965,7.607029]]],[[[114.665818,7.589923],[114.677918,7.610407],[114.703892,7.61501],[114.724243,7.606869],[114.721522,7.5919],[114.68298,7.562767],[114.667904,7.567205],[114.665818,7.589923]]],[[[114.949112,7.508998],[114.962415,7.520996],[114.986523,7.529401],[115.016931,7.523118],[115.014883,7.489133],[114.989716,7.476448],[114.96056,7.485016],[114.949112,7.508998]]],[[[109.463996,7.344631],[109.535888,7.448741],[109.607166,7.52043],[109.653004,7.559515],[109.682282,7.570811],[109.722344,7.575819],[109.816451,7.572635],[109.904787,7.551634],[109.925951,7.542202],[109.948716,7.522991],[109.950288,7.51323],[109.939075,7.504487],[109.806031,7.524754],[109.709372,7.510904],[109.654108,7.479424],[109.5715,7.373528],[109.51325,7.320242],[109.486791,7.307622],[109.467399,7.30991],[109.463996,7.344631]]],[[[113.792176,7.373289],[113.831483,7.384025],[113.851692,7.382943],[113.858353,7.375033],[113.828686,7.362322],[113.792176,7.373289]]],[[[114.854118,7.244327],[114.870023,7.239262],[114.869623,7.198818],[114.860503,7.187499],[114.833553,7.183334],[114.819846,7.192959],[114.82041,7.202831],[114.832914,7.227987],[114.854118,7.244327]]],[[[113.59973,6.962097],[113.6128,6.957621],[113.621378,6.947082],[113.621377,6.92924],[113.608137,6.920145],[113.580111,6.920604],[113.575179,6.929025],[113.579098,6.948881],[113.59973,6.962097]]],[[[113.267025,6.364432],[113.271709,6.360838],[113.272868,6.341715],[113.264834,6.336367],[113.245172,6.33795],[113.241723,6.345307],[113.245841,6.355625],[113.267025,6.364432]]],[[[113.217542,6.306432],[113.231185,6.326086],[113.243823,6.325873],[113.248527,6.317816],[113.24788,6.29586],[113.230571,6.285209],[113.219704,6.295797],[113.217542,6.306432]]],[[[112.472508,5.739494],[112.477908,5.771202],[112.498216,5.775092],[112.497066,5.736806],[112.492448,5.733619],[112.472508,5.739494]]],[[[112.554366,5.978672],[112.57554,5.971284],[112.566974,5.952344],[112.553274,5.942584],[112.534896,5.951208],[112.538862,5.970124],[112.554366,5.978672]]],[[[112.527498,5.794361],[112.53814,5.812905],[112.552613,5.821962],[112.561845,5.820674],[112.571077,5.796772],[112.570657,5.777116],[112.562868,5.759115],[112.536893,5.760569],[112.531693,5.766591],[112.527498,5.794361]]],[[[112.523183,5.656119],[112.531738,5.690984],[112.547085,5.692682],[112.556579,5.685526],[112.566279,5.652],[112.56588,5.6305],[112.555895,5.618455],[112.544983,5.616433],[112.532561,5.627778],[112.523183,5.656119]]],[[[112.350243,5.62186],[112.360425,5.640466],[112.387844,5.641001],[112.391455,5.62623],[112.385861,5.615665],[112.362401,5.610126],[112.350243,5.62186]]],[[[112.462654,5.493296],[112.471161,5.510702],[112.48862,5.514541],[112.516882,5.508998],[112.522736,5.5056],[112.529118,5.477189],[112.510724,5.460687],[112.472984,5.478974],[112.462654,5.493296]]],[[[112.583194,5.561546],[112.593164,5.576267],[112.61105,5.573102],[112.639621,5.515181],[112.642615,5.489528],[112.639398,5.480068],[112.620884,5.462676],[112.614385,5.465468],[112.606536,5.51751],[112.583194,5.561546]]],[[[112.611849,5.367816],[112.612769,5.388293],[112.623986,5.401725],[112.645408,5.409539],[112.674502,5.411789],[112.691015,5.406713],[112.691141,5.386193],[112.685063,5.371799],[112.658037,5.354195],[112.640171,5.347931],[112.621134,5.349931],[112.611849,5.367816]]],[[[112.557138,5.109516],[112.576879,5.120623],[112.601562,5.119759],[112.613618,5.102849],[112.610839,5.09174],[112.593988,5.074954],[112.569202,5.071893],[112.557138,5.109516]]],[[[112.650995,5.106796],[112.654806,5.113174],[112.678484,5.121255],[112.684064,5.118433],[112.718943,5.075799],[112.718868,5.062548],[112.682647,5.048788],[112.656055,5.055577],[112.650995,5.106796]]],[[[112.907255,4.992833],[112.914234,5.043162],[112.937979,5.051243],[112.955889,5.045379],[112.959001,5.020544],[112.943688,4.991639],[112.907255,4.992833]]],[[[112.010926,3.849885],[112.013521,3.868037],[112.029979,3.877297],[112.052608,3.876388],[112.060673,3.86216],[112.060078,3.851242],[112.052225,3.838239],[112.018075,3.837031],[112.011913,3.841926],[112.010926,3.849885]]],[[[112.248775,3.945226],[112.249573,3.964337],[112.259156,3.973605],[112.269579,3.975538],[112.281763,3.969257],[112.285791,3.954758],[112.280413,3.942884],[112.259578,3.937895],[112.248775,3.945226]]],[[[112.221999,3.880551],[112.230503,3.900385],[112.243265,3.906745],[112.264237,3.898121],[112.266606,3.87252],[112.249326,3.859812],[112.233184,3.864984],[112.221999,3.880551]]],[[[115.983237,21.040004],[115.950278,21.071724],[115.944442,21.091585],[115.946845,21.104718],[115.955428,21.117209],[115.966415,21.123614],[116.02272,21.124575],[116.041602,21.110483],[116.058768,21.082295],[116.065978,21.041286],[116.048469,21.023661],[116.034736,21.019495],[115.983237,21.040004]]],[[[115.968818,20.986162],[116.000747,20.949294],[115.99903,20.922679],[115.967101,20.920114],[115.951995,20.929414],[115.938605,20.946408],[115.926932,20.978468],[115.929679,20.991931],[115.954398,20.999304],[115.968818,20.986162]]],[[[116.720606,20.704367],[116.715199,20.704728],[116.720906,20.707177],[116.731807,20.703524],[116.738325,20.694975],[116.72537,20.697221],[116.714898,20.701115],[116.727344,20.697462],[116.731249,20.700874],[116.720606,20.704367]]],[[[116.756708,20.612258],[116.796877,20.606313],[116.835501,20.614347],[116.8561,20.624629],[116.886656,20.658846],[116.896441,20.684704],[116.893522,20.722118],[116.890604,20.73127],[116.878588,20.742668],[116.867773,20.747002],[116.830694,20.747805],[116.813185,20.740741],[116.803743,20.74941],[116.7931,20.751818],[116.768038,20.747644],[116.764948,20.74941],[116.770956,20.753744],[116.771471,20.76803],[116.813871,20.776055],[116.861593,20.775895],[116.880476,20.772043],[116.902964,20.758239],[116.917898,20.727416],[116.92734,20.68085],[116.914637,20.642783],[116.893351,20.618845],[116.863653,20.597315],[116.803572,20.586227],[116.753447,20.60085],[116.756708,20.612258]]],[[[114.050214,10.865749],[114.041312,10.858825],[114.04362,10.848604],[114.063403,10.846626],[114.129841,10.867563],[114.128028,10.8824],[114.098518,10.872014],[114.07313,10.878114],[114.067854,10.8885],[114.079394,10.903337],[114.12896,10.932081],[114.13759,10.931034],[114.141876,10.925264],[114.147811,10.905975],[114.146822,10.890973],[114.135941,10.883224],[114.138579,10.868717],[114.142041,10.869376],[114.151768,10.877949],[114.161824,10.903502],[114.155395,10.929055],[114.132809,10.942244],[114.098683,10.928231],[114.072635,10.908613],[114.063073,10.892786],[114.06126,10.880092],[114.050214,10.865749]]],[[[112.552844,5.885559],[112.559273,5.878387],[112.556965,5.871875],[112.554492,5.873277],[112.552844,5.885559]]],[[[112.332451,16.833172],[112.334664,16.836082],[112.330308,16.83819],[112.338294,16.84463],[112.355531,16.845146],[112.364384,16.839384],[112.357311,16.828284],[112.345508,16.82107],[112.336187,16.822967],[112.333353,16.829127],[112.340168,16.826035],[112.3308,16.831796],[112.329559,16.835989],[112.332451,16.833172]]],[[[114.358693,11.083712],[114.36166,11.069287],[114.370975,11.066732],[114.369903,11.083383],[114.358693,11.083712]]],[[[111.731313,16.549871],[111.733194,16.559732],[111.73884,16.560183],[111.778195,16.528521],[111.788407,16.512693],[111.766993,16.470278],[111.743529,16.452066],[111.739345,16.452925],[111.740331,16.468794],[111.759887,16.481905],[111.765794,16.495367],[111.764689,16.51222],[111.759279,16.523293],[111.731313,16.549871]]],[[[116.436134,10.908256],[116.455123,10.918214],[116.458828,10.916246],[116.459523,10.901772],[116.442387,10.891931],[116.427682,10.893552],[116.42525,10.902583],[116.436134,10.908256]]],[[[116.248101,10.793172],[116.255026,10.786172],[116.253972,10.779774],[116.246746,10.786924],[116.248101,10.793172]]],[[[114.387635,11.438519],[114.399999,11.436211],[114.395054,11.419065],[114.385657,11.425165],[114.387635,11.438519]]],[[[116.92026,10.52159],[116.9048,10.529022],[116.905246,10.532738],[116.93401,10.551394],[116.941071,10.542698],[116.940922,10.535117],[116.92026,10.52159]]],[[[114.372041,11.405798],[114.358951,11.395673],[114.358186,11.386056],[114.36637,11.38131],[114.385669,11.396194],[114.38014,11.406229],[114.372041,11.405798]]],[[[112.662514,4.998638],[112.677202,4.998409],[112.688677,5.007359],[112.65976,5.028818],[112.647137,5.033293],[112.628204,5.032375],[112.627704,5.023464],[112.637843,5.010917],[112.662514,4.998638]]],[[[116.092899,10.814397],[116.094473,10.818409],[116.098383,10.815921],[116.101074,10.804953],[116.095235,10.805968],[116.092899,10.814397]]],[[[114.270994,9.725831],[114.282531,9.744666],[114.290032,9.74211],[114.297286,9.706995],[114.290444,9.690262],[114.272725,9.690221],[114.270994,9.725831]]],[[[114.272035,9.852127],[114.27684,9.858208],[114.281236,9.846927],[114.275057,9.845016],[114.272035,9.852127]]],[[[114.342414,8.492066],[114.347616,8.489613],[114.342265,8.485599],[114.339812,8.48939],[114.342414,8.492066]]],[[[114.683799,8.099365],[114.703078,8.104861],[114.733959,8.102069],[114.75664,8.111142],[114.762747,8.109135],[114.751842,8.098144],[114.726719,8.091514],[114.703514,8.096573],[114.687811,8.092561],[114.683799,8.099365]]],[[[114.863207,16.081566],[114.913721,16.050992],[114.914718,16.036868],[114.905579,16.004632],[114.891787,15.981037],[114.895609,15.973061],[114.903917,15.973061],[114.919204,15.993998],[114.935322,16.041022],[114.932829,16.062789],[114.918041,16.090206],[114.904249,16.096687],[114.87002,16.095524],[114.86221,16.088212],[114.863207,16.081566]]],[[[116.869472,10.809749],[116.871216,10.808773],[116.868963,10.808462],[116.869472,10.809749]]],[[[116.039019,10.44243],[116.032478,10.451349],[116.035303,10.462498],[116.050168,10.462201],[116.065181,10.450606],[116.057006,10.439011],[116.039019,10.44243]]],[[[116.807942,11.901236],[116.802446,11.896613],[116.813612,11.896177],[116.812871,11.899448],[116.807942,11.901236]]],[[[114.046572,7.925122],[114.049333,7.92335],[114.047066,7.920918],[114.044346,7.922402],[114.046572,7.925122]]],[[[114.052768,15.980615],[114.063768,15.981879],[114.066741,15.97519],[114.05418,15.967831],[114.052768,15.980615]]],[[[114.822771,16.066016],[114.81322,16.061476],[114.810149,16.072881],[114.818007,16.075932],[114.822771,16.066016]]],[[[116.656612,9.022813],[116.662012,9.02302],[116.66114,9.016166],[116.656778,9.016706],[116.656612,9.022813]]],[[[114.560688,15.863659],[114.56758,15.866974],[114.570982,15.86523],[114.559118,15.857291],[114.560688,15.863659]]],[[[116.437076,9.507285],[116.441461,9.508846],[116.441461,9.500447],[116.437299,9.500968],[116.437076,9.507285]]],[[[114.633169,15.914129],[114.644869,15.918126],[114.651555,15.911368],[114.633677,15.899812],[114.630334,15.906135],[114.633169,15.914129]]],[[[114.46792,15.920481],[114.476382,15.927611],[114.486199,15.924083],[114.482302,15.916039],[114.47459,15.91344],[114.46792,15.920481]]],[[[116.582809,9.849877],[116.58372,9.850564],[116.583553,9.849171],[116.582809,9.849877]]],[[[116.480689,11.494715],[116.488496,11.496111],[116.484614,11.475262],[116.482041,11.477792],[116.480689,11.494715]]],[[[116.632699,10.803182],[116.634984,10.802683],[116.633011,10.802164],[116.632699,10.803182]]],[[[111.650426,16.449561],[111.656893,16.450304],[111.658454,16.447777],[111.65392,16.445919],[111.650426,16.449561]]],[[[113.909053,15.796349],[113.918649,15.789457],[113.914985,15.779338],[113.905564,15.784746],[113.909053,15.796349]]],[[[114.415218,10.011226],[114.424509,10.012564],[114.428597,10.007287],[114.417076,10.003199],[114.415218,10.011226]]],[[[113.928868,15.875424],[113.913166,15.854139],[113.913689,15.842275],[113.918226,15.84053],[113.930787,15.846811],[113.941256,15.859373],[113.94806,15.88659],[113.935673,15.886241],[113.928868,15.875424]]],[[[116.161761,10.627274],[116.163099,10.638386],[116.16741,10.620585],[116.164511,10.613227],[116.161761,10.627274]]],[[[114.635415,15.994728],[114.649759,16.001046],[114.661354,15.994802],[114.658604,15.988039],[114.647307,15.984099],[114.63482,15.989525],[114.635415,15.994728]]],[[[115.936122,8.459038],[115.970015,8.467957],[115.99588,8.447146],[115.995583,8.427524],[115.983691,8.40255],[115.964069,8.401361],[115.945041,8.41801],[115.935528,8.434064],[115.936122,8.459038]]],[[[115.083141,10.338321],[115.084627,10.330517],[115.078756,10.327246],[115.07556,10.334233],[115.083141,10.338321]]],[[[116.383965,9.202496],[116.399871,9.201604],[116.406411,9.19328],[116.387235,9.185699],[116.382181,9.192834],[116.383965,9.202496]]],[[[112.533609,5.915381],[112.54461,5.913894],[112.548177,5.90334],[112.54238,5.900367],[112.53569,5.903934],[112.533609,5.915381]]],[[[112.51803,5.02847],[112.519806,5.027722],[112.518508,5.027276],[112.51803,5.02847]]],[[[113.763598,15.53809],[113.776248,15.531983],[113.775998,15.520456],[113.764782,15.524007],[113.760296,15.535784],[113.763598,15.53809]]],[[[116.166421,10.714687],[116.165331,10.71702],[116.166552,10.718176],[116.168079,10.716148],[116.166421,10.714687]]],[[[116.137889,11.446129],[116.130736,11.451799],[116.135795,11.461221],[116.156121,11.477272],[116.164932,11.478755],[116.155685,11.455987],[116.137889,11.446129]]],[[[112.531411,4.901046],[112.539884,4.898668],[112.539735,4.893763],[112.529627,4.89406],[112.531411,4.901046]]],[[[114.171568,15.438496],[114.162995,15.443441],[114.162995,15.451025],[114.173546,15.45152],[114.181954,15.443112],[114.179646,15.437177],[114.171568,15.438496]]],[[[117.017081,10.585438],[117.026643,10.584943],[117.028127,10.579173],[117.018235,10.578349],[117.017081,10.585438]]],[[[115.202973,10.509328],[115.206942,10.51116],[115.208687,10.505795],[115.204586,10.505359],[115.202973,10.509328]]],[[[116.126941,10.124519],[116.130452,10.123065],[116.129574,10.120562],[116.12717,10.12105],[116.126941,10.124519]]],[[[114.403497,15.61208],[114.408066,15.611664],[114.409562,15.608632],[114.402998,15.60859],[114.403497,15.61208]]],[[[112.588091,4.957808],[112.590582,4.957434],[112.590308,4.956064],[112.5882,4.956064],[112.588091,4.957808]]],[[[114.419597,15.861992],[114.421736,15.859936],[114.424374,15.861078],[114.421778,15.863321],[114.419597,15.861992]]]]}},{"type":"Feature","properties":{"regionCode":"460400","regionName":"儋州市","regionLevel":"prefecture_city","parentCode":"460000","parentName":"海南省","sourceName":"GeoJSON.CN","sourceYear":"2025","sourceUrl":"https://geojson.cn/api/china/460000.json","license":"Copyright (c) 2025 GeoJSON.CN; reuse terms require manual confirmation","attribution":"GeoJSON.CN","simplifyToleranceDegrees":0.003},"geometry":{"type":"MultiPolygon","coordinates":[[[[108.99632,19.559401],[109.013477,19.582027],[109.042651,19.594451],[109.084561,19.604186],[109.145454,19.638752],[109.165692,19.641107],[109.186938,19.654632],[109.21456,19.681787],[109.216041,19.720317],[109.228034,19.712119],[109.243291,19.723802],[109.255995,19.719686],[109.279877,19.726656],[109.303814,19.708331],[109.289418,19.735879],[109.273048,19.740111],[109.288315,19.751261],[109.280907,19.753723],[109.282109,19.759398],[109.291607,19.761682],[109.28237,19.763832],[109.282113,19.771832],[109.298093,19.778935],[109.286192,19.779699],[109.276662,19.772478],[109.279634,19.783281],[109.270391,19.759037],[109.259775,19.765003],[109.253652,19.756326],[109.237032,19.755484],[109.233786,19.760139],[109.23437,19.748513],[109.229602,19.740862],[109.220076,19.741521],[109.217774,19.724678],[109.207792,19.724378],[109.193265,19.732294],[109.178232,19.71255],[109.165204,19.714757],[109.165167,19.70572],[109.15515,19.705772],[109.155191,19.720428],[109.178363,19.721121],[109.173172,19.72495],[109.17315,19.732368],[109.182911,19.735889],[109.166663,19.761006],[109.166287,19.757949],[109.162784,19.761132],[109.162403,19.755589],[109.16232,19.761215],[109.166732,19.761485],[109.167362,19.768399],[109.164505,19.764473],[109.158711,19.768165],[109.158074,19.762853],[109.158276,19.768981],[109.169431,19.770933],[109.163446,19.77438],[109.160848,19.787402],[109.152546,19.791443],[109.154955,19.800679],[109.152737,19.79142],[109.160892,19.788202],[109.168493,19.802908],[109.172945,19.800238],[109.175164,19.80401],[109.171017,19.806439],[109.175309,19.813874],[109.171784,19.816741],[109.176902,19.813289],[109.209749,19.833833],[109.212386,19.829709],[109.207649,19.824865],[109.21106929546288,19.82225435163802],[109.214838,19.831546],[109.21108,19.837895],[109.221013,19.844102],[109.216754,19.846042],[109.221616,19.84488],[109.224094,19.85183],[109.236024,19.854955],[109.232953,19.846176],[109.237768,19.842821],[109.242597,19.846836],[109.236012,19.84995],[109.239617,19.855744],[109.244978,19.853402],[109.259703,19.85893],[109.263403,19.864953],[109.259158,19.87164],[109.268102,19.881935],[109.266345,19.898853],[109.285543,19.896898],[109.291099,19.892117],[109.294938,19.905662],[109.292061,19.911619],[109.302067,19.908484],[109.306531,19.915163],[109.317076,19.911283],[109.319984,19.914239],[109.333457,19.908634],[109.332878,19.901219],[109.320422,19.896184],[109.332794,19.879552],[109.34243,19.880379],[109.34729,19.885942],[109.35568,19.883687],[109.364447,19.890663],[109.361356,19.887446],[109.362438,19.88417],[109.376923,19.891996],[109.389294,19.886365],[109.394232,19.874934],[109.402114,19.873985],[109.414993,19.85758],[109.433959,19.857644],[109.445289,19.871893],[109.45456,19.863456],[109.456274,19.868481],[109.466694,19.867591],[109.48006,19.83346],[109.477371,19.823349],[109.484308,19.838163],[109.516439,19.842253],[109.528555,19.848194],[109.538986,19.866627],[109.539977,19.843481],[109.532308,19.841196],[109.531488,19.836033],[109.539508,19.838259],[109.540432,19.835048],[109.548604,19.844333],[109.546971,19.851462],[109.562643,19.856876],[109.569812,19.832017],[109.573373,19.779188],[109.58005,19.76956],[109.59591,19.764892],[109.599885,19.754673],[109.599446,19.730757],[109.59394,19.719445],[109.584542,19.718823],[109.585849,19.714412],[109.572252,19.704603],[109.557917,19.709675],[109.558908,19.692804],[109.568043,19.69011],[109.574639,19.676818],[109.571612,19.666035],[109.583942,19.658536],[109.588074,19.647985],[109.582912,19.637647],[109.600245,19.641257],[109.610834,19.629262],[109.619707,19.627828],[109.63617,19.633152],[109.644382,19.626443],[109.648492,19.630975],[109.651668,19.627653],[109.674419,19.62894],[109.664075,19.6252],[109.659433,19.611076],[109.664218,19.609811],[109.664185,19.600624],[109.6663,19.597556],[109.66706,19.60437],[109.675849,19.589334],[109.674773,19.598858],[109.683425,19.593946],[109.683518,19.588278],[109.686093,19.591098],[109.691582,19.584567],[109.688172,19.590435],[109.690843,19.591482],[109.700915,19.587517],[109.709316,19.577551],[109.723362,19.586929],[109.738127,19.583577],[109.731359,19.587183],[109.733165,19.589188],[109.739884,19.583672],[109.744987,19.590843],[109.741411,19.582408],[109.73632,19.58209],[109.743116,19.576085],[109.755978,19.573256],[109.769426,19.578505],[109.758126,19.569628],[109.755581,19.541138],[109.760024,19.528938],[109.731731,19.501161],[109.724978,19.48349],[109.728993,19.477394],[109.745654,19.473211],[109.743941,19.44239],[109.756287,19.4314],[109.75198,19.416973],[109.736592,19.419191],[109.737766,19.407457],[109.719372,19.403236],[109.692569,19.414035],[109.670588,19.404699],[109.654792,19.406131],[109.642616,19.397357],[109.648842,19.389534],[109.648232,19.353325],[109.700211,19.349488],[109.701845,19.339531],[109.709217,19.342319],[109.713922,19.329799],[109.711574,19.30251],[109.69718,19.272424],[109.707684,19.247079],[109.706822,19.221622],[109.686991,19.178936],[109.671253,19.20894],[109.634077,19.202496],[109.613857,19.225292],[109.611208,19.253644],[109.600157,19.25447],[109.596797,19.246197],[109.587408,19.243304],[109.582663,19.258488],[109.564527,19.274761],[109.541632,19.311969],[109.511445,19.298442],[109.50763,19.301009],[109.510718,19.304576],[109.48411,19.297861],[109.468583,19.300943],[109.475455,19.315234],[109.484818,19.314162],[109.488403,19.330597],[109.498596,19.333943],[109.501156,19.345796],[109.497624,19.354651],[109.506309,19.359512],[109.485485,19.385269],[109.491303,19.393837],[109.483867,19.406093],[109.476733,19.401068],[109.457229,19.399415],[109.442513,19.377231],[109.444402,19.369413],[109.425081,19.355207],[109.414647,19.359411],[109.400233,19.3525],[109.382589,19.35675],[109.380272,19.371027],[109.369391,19.37151],[109.364271,19.377866],[109.357954,19.377947],[109.360283,19.372996],[109.356485,19.369122],[109.353848,19.372514],[109.349642,19.369731],[109.349453,19.374179],[109.342362,19.372612],[109.335665,19.38821],[109.325475,19.393314],[109.320991,19.390578],[109.318055,19.398499],[109.310316,19.388925],[109.30625,19.395204],[109.302189,19.388628],[109.292133,19.399517],[109.290792,19.387575],[109.276243,19.386724],[109.278878,19.381846],[109.268377,19.382101],[109.2677,19.376794],[109.244966,19.390955],[109.235179,19.388104],[109.231562,19.392061],[109.226002,19.385458],[109.215934,19.385166],[109.203589,19.396694],[109.189694,19.391698],[109.182232,19.394991],[109.179397,19.408686],[109.195505,19.423859],[109.191812,19.431766],[109.16664,19.432382],[109.153516,19.451393],[109.142574,19.457259],[109.130536,19.479662],[109.123161,19.476921],[109.117541,19.467601],[109.111867,19.473048],[109.096497,19.472746],[109.074975,19.486025],[109.051407,19.487821],[109.045356,19.474928],[109.04654,19.460218],[109.053173,19.448336],[109.051266,19.435322],[109.044762,19.430463],[109.033006,19.435154],[109.016654,19.426668],[109.000177,19.428728],[108.983639,19.476682],[108.965044,19.482047],[108.958763,19.492437],[108.942643,19.493757],[108.935577,19.506767],[108.978655,19.539158],[108.99632,19.559401]],[[109.211066,19.822117],[109.213183,19.820641],[109.21106929546288,19.82225435163802],[109.211066,19.822117]]],[[[109.161816,19.647579],[109.156189,19.648114],[109.153195,19.656076],[109.158879,19.65902],[109.158314,19.653371],[109.161842,19.657213],[109.162903,19.652053],[109.165824,19.655857],[109.172495,19.652504],[109.161816,19.647579]]],[[[109.182245,19.664906],[109.18952,19.662841],[109.175078,19.652383],[109.16525,19.659168],[109.169635,19.673255],[109.188478,19.671102],[109.182245,19.664906]]],[[[109.091183,19.671466],[109.090515,19.666667],[109.085863,19.665547],[109.092781,19.673857],[109.091183,19.671466]]],[[[109.100191,19.680283],[109.102863,19.680783],[109.093872,19.674858],[109.100191,19.680283]]],[[[109.19199,19.674056],[109.195614,19.673163],[109.192554,19.676555],[109.198868,19.676203],[109.200964,19.67973],[109.200661,19.683237],[109.198532,19.685679],[109.192186,19.684121],[109.193166,19.689575],[109.20089,19.690641],[109.206709,19.684845],[109.204767,19.676155],[109.191244,19.665683],[109.19199,19.674056]]],[[[109.199739,19.678876],[109.197952,19.681458],[109.196159,19.682637],[109.199288,19.683715],[109.199739,19.678876]]],[[[109.107545,19.684626],[109.107666,19.68005],[109.103414,19.681222],[109.106566,19.682173],[109.107545,19.684626]]]]}},{"type":"Feature","properties":{"regionCode":"469001","regionName":"五指山市","regionLevel":"direct_county_level_city","parentCode":"460000","parentName":"海南省","sourceName":"GeoJSON.CN","sourceYear":"2025","sourceUrl":"https://geojson.cn/api/china/460000.json","license":"Copyright (c) 2025 GeoJSON.CN; reuse terms require manual confirmation","attribution":"GeoJSON.CN","simplifyToleranceDegrees":0.003},"geometry":{"type":"Polygon","coordinates":[[[109.524029,19.030939],[109.533144,19.014534],[109.528867,19.000094],[109.544711,18.978616],[109.553597,18.946328],[109.571927,18.939364],[109.578664,18.924546],[109.596771,18.9228],[109.602387,18.909502],[109.619289,18.912063],[109.627475,18.920413],[109.640245,18.915037],[109.650471,18.918417],[109.6627,18.915228],[109.676148,18.925714],[109.687787,18.92686],[109.731301,18.913343],[109.722845,18.900677],[109.709684,18.898941],[109.697926,18.886573],[109.702222,18.875748],[109.715185,18.864009],[109.715453,18.833744],[109.690548,18.830709],[109.684624,18.822942],[109.693095,18.81142],[109.685484,18.800661],[109.687841,18.791227],[109.681534,18.785271],[109.70653,18.734871],[109.702999,18.721738],[109.67507,18.727091],[109.641767,18.722996],[109.634003,18.705792],[109.633237,18.689612],[109.625632,18.689953],[109.619852,18.678332],[109.603672,18.693677],[109.594357,18.694123],[109.583495,18.713198],[109.570313,18.717091],[109.573044,18.723477],[109.583235,18.724355],[109.584728,18.738404],[109.563302,18.742118],[109.564619,18.737856],[109.551829,18.731046],[109.540447,18.710032],[109.527641,18.703263],[109.535432,18.67985],[109.531475,18.672517],[109.539587,18.658956],[109.528236,18.656571],[109.524054,18.649337],[109.509002,18.653767],[109.488557,18.646583],[109.448311,18.655326],[109.431169,18.629148],[109.407977,18.627807],[109.394536,18.643761],[109.398134,18.671097],[109.392374,18.677674],[109.384135,18.67808],[109.381528,18.686437],[109.363024,18.70132],[109.356022,18.713388],[109.359076,18.736976],[109.351885,18.772375],[109.360549,18.775599],[109.353096,18.812316],[109.361682,18.825918],[109.362031,18.84008],[109.374625,18.853988],[109.36085,18.872136],[109.342793,18.877403],[109.347493,18.881856],[109.343043,18.883759],[109.347437,18.887627],[109.34313,18.899051],[109.334425,18.912685],[109.324317,18.918239],[109.339772,18.942235],[109.348517,18.946358],[109.358496,18.944089],[109.365697,18.936066],[109.371794,18.937999],[109.380072,18.942732],[109.381141,18.950396],[109.408223,18.964182],[109.407294,18.969291],[109.425444,18.99109],[109.459479,18.997339],[109.468835,19.03246],[109.47752,19.026892],[109.493336,19.031621],[109.502606,19.027741],[109.524029,19.030939]]]}},{"type":"Feature","properties":{"regionCode":"469002","regionName":"琼海市","regionLevel":"direct_county_level_city","parentCode":"460000","parentName":"海南省","sourceName":"GeoJSON.CN","sourceYear":"2025","sourceUrl":"https://geojson.cn/api/china/460000.json","license":"Copyright (c) 2025 GeoJSON.CN; reuse terms require manual confirmation","attribution":"GeoJSON.CN","simplifyToleranceDegrees":0.003},"geometry":{"type":"MultiPolygon","coordinates":[[[[110.224831,19.221655],[110.242085,19.22386],[110.266419,19.21322],[110.281225,19.220349],[110.30022,19.21587],[110.315771,19.229879],[110.340312,19.223867],[110.346081,19.235641],[110.338104,19.250123],[110.34068,19.267505],[110.361575,19.281353],[110.359288,19.298652],[110.327354,19.315225],[110.325415,19.322173],[110.336491,19.353084],[110.364232,19.360981],[110.362824,19.382386],[110.368746,19.391852],[110.397639,19.396638],[110.414134,19.416554],[110.42828,19.411959],[110.454712,19.445982],[110.493115,19.443724],[110.498845,19.456819],[110.494464,19.458398],[110.504828,19.468386],[110.527891,19.464118],[110.546201,19.468295],[110.5536,19.445758],[110.568232,19.442035],[110.581441,19.419537],[110.578603,19.401948],[110.587792,19.388545],[110.584103,19.367765],[110.589709,19.355633],[110.60454,19.350316],[110.62911,19.364349],[110.62812,19.381636],[110.633529,19.391414],[110.644758,19.386541],[110.648204,19.393934],[110.658846,19.396601],[110.682367,19.390307],[110.676133,19.37995],[110.674083,19.360991],[110.688623,19.337575],[110.685913,19.324338],[110.675571,19.309921],[110.67487,19.315461],[110.663697,19.305048],[110.655255,19.311749],[110.642,19.305675],[110.638101,19.288079],[110.649823,19.285134],[110.641155,19.284936],[110.641629,19.2617],[110.621507,19.220498],[110.6201,19.213005],[110.624164,19.217288],[110.629026,19.211914],[110.623362,19.208318],[110.620987,19.2118],[110.600777,19.190977],[110.589453,19.153405],[110.583859,19.157124],[110.573854,19.153123],[110.562931,19.143232],[110.563251,19.138404],[110.560002,19.140178],[110.566645,19.130078],[110.56358,19.120287],[110.570019,19.117676],[110.564527,19.103498],[110.558334,19.10322],[110.56383,19.095499],[110.571472,19.105426],[110.568409,19.108368],[110.572175,19.124713],[110.56845,19.130627],[110.576695,19.13542],[110.577766,19.131783],[110.588539,19.150617],[110.581296,19.135295],[110.576199,19.086015],[110.546789,19.088066],[110.540578,19.091635],[110.537994,19.102018],[110.521792,19.102969],[110.501545,19.079106],[110.477582,19.096963],[110.469615,19.097014],[110.46162,19.091654],[110.465006,19.074427],[110.451368,19.06065],[110.43553,19.05989],[110.397836,19.038519],[110.346985,19.022062],[110.346469,19.006211],[110.324681,18.999137],[110.313259,19.002629],[110.287441,18.983117],[110.272419,18.983803],[110.249945,18.976336],[110.229549,19.002472],[110.223108,18.997879],[110.201257,18.996591],[110.199162,19.012435],[110.191467,19.012415],[110.193396,18.995222],[110.185001,18.990543],[110.16628,19.010091],[110.157856,19.004923],[110.161829,19.01826],[110.148853,19.023452],[110.143306,19.034193],[110.127938,19.045539],[110.124855,19.058352],[110.129492,19.076925],[110.119138,19.131233],[110.142297,19.157445],[110.138478,19.159369],[110.138802,19.175066],[110.145781,19.208615],[110.170553,19.191266],[110.21173,19.206917],[110.227736,19.208237],[110.224831,19.221655]]],[[[110.577347,19.13793],[110.566954,19.132786],[110.564014,19.142902],[110.579198,19.148988],[110.577347,19.13793]]]]}},{"type":"Feature","properties":{"regionCode":"469005","regionName":"文昌市","regionLevel":"direct_county_level_city","parentCode":"460000","parentName":"海南省","sourceName":"GeoJSON.CN","sourceYear":"2025","sourceUrl":"https://geojson.cn/api/china/460000.json","license":"Copyright (c) 2025 GeoJSON.CN; reuse terms require manual confirmation","attribution":"GeoJSON.CN","simplifyToleranceDegrees":0.003},"geometry":{"type":"MultiPolygon","coordinates":[[[[110.519325,19.563391],[110.525775,19.557023],[110.530546,19.56183],[110.54916,19.562612],[110.540109,19.535376],[110.550745,19.536335],[110.565784,19.524342],[110.595331,19.529886],[110.61141,19.526586],[110.61392,19.531738],[110.633321,19.534869],[110.641322,19.549052],[110.633825,19.573132],[110.6356,19.592588],[110.65428,19.618108],[110.656117,19.639013],[110.672819,19.647246],[110.634386,19.653119],[110.6235,19.664049],[110.62491,19.694515],[110.608892,19.695893],[110.613689,19.701752],[110.646967,19.708795],[110.645288,19.716277],[110.628902,19.722067],[110.622956,19.735431],[110.639815,19.767042],[110.643798,19.766015],[110.650923,19.777788],[110.658015,19.779322],[110.642868,19.782775],[110.642033,19.787061],[110.673951,19.810478],[110.685108,19.796966],[110.70831,19.803578],[110.702185,19.830681],[110.717256,19.844108],[110.703789,19.85883],[110.689077,19.85481],[110.679785,19.857787],[110.676435,19.866573],[110.683294,19.881279],[110.672736,19.897556],[110.67533,19.907881],[110.663181,19.923941],[110.653356,19.930162],[110.644455,19.929419],[110.647275,19.938324],[110.641368,19.953344],[110.63434,19.958543],[110.633436,19.967248],[110.615173,19.978848],[110.615948,19.989955],[110.602325,20.010603],[110.605777,20.008286],[110.604633,20.015908],[110.579465,20.018498],[110.570918,20.044853],[110.580919,20.076734],[110.576474,20.086888],[110.574485,20.078054],[110.573411,20.08629],[110.577862,20.092328],[110.595222,20.0982],[110.601477,20.10898],[110.63523,20.102955],[110.649893,20.105015],[110.678163,20.131792],[110.680443,20.140505],[110.676262,20.149931],[110.692699,20.158291],[110.709767,20.103136],[110.726314,20.067707],[110.748757,20.046485],[110.76832,20.041123],[110.773857,20.023569],[110.788021,20.009618],[110.863047,19.992145],[110.910645,19.99634],[110.932312,20.013167],[110.942847,20.001959],[110.957611,19.973419],[110.959498,19.947324],[111.000988,19.821459],[111.005366,19.726951],[111.011597,19.693272],[111.019646,19.682298],[111.030811,19.68171],[111.028113,19.675396],[111.035771,19.662102],[111.032664,19.65271],[111.038904,19.649286],[111.038439,19.640797],[111.047051,19.640918],[111.033675,19.63407],[111.019402,19.640391],[110.98511,19.639255],[110.962052,19.606778],[110.92309,19.584216],[110.869715,19.522353],[110.84937,19.528371],[110.847945,19.544241],[110.831103,19.564209],[110.836717,19.583587],[110.824618,19.596023],[110.847297,19.611735],[110.858474,19.603692],[110.877752,19.603862],[110.875302,19.611054],[110.855844,19.614059],[110.855955,19.6246],[110.81809,19.621297],[110.81561,19.606683],[110.805313,19.609433],[110.810561,19.603619],[110.807532,19.590647],[110.822222,19.5768],[110.82484,19.563916],[110.841974,19.538692],[110.84089,19.527619],[110.834683,19.529061],[110.831,19.539391],[110.813267,19.528374],[110.81023,19.484494],[110.792444,19.464176],[110.777053,19.456468],[110.778954,19.447535],[110.76948,19.438632],[110.765459,19.424604],[110.73601,19.407794],[110.738525,19.403644],[110.726331,19.411533],[110.713778,19.411682],[110.682367,19.390307],[110.658846,19.396601],[110.648204,19.393934],[110.644758,19.386541],[110.633529,19.391414],[110.62812,19.381636],[110.62911,19.364349],[110.60454,19.350316],[110.589709,19.355633],[110.585343,19.361984],[110.587792,19.388545],[110.579401,19.397556],[110.579463,19.424887],[110.568232,19.442035],[110.550385,19.450464],[110.546201,19.468295],[110.551175,19.486779],[110.520569,19.510003],[110.507886,19.511678],[110.482659,19.502076],[110.471377,19.510936],[110.471914,19.53385],[110.496903,19.55501],[110.519325,19.563391]]],[[[111.203556,19.924799],[111.202868,19.92402],[111.203802,19.926203],[111.203556,19.924799]]],[[[111.21661,19.883202],[111.218639,19.882175],[111.216956,19.881769],[111.21661,19.883202]]],[[[111.204231,19.904355],[111.202036,19.908643],[111.205083,19.912287],[111.208843,19.903892],[111.204231,19.904355]]],[[[111.264779,19.963059],[111.264183,19.963943],[111.265558,19.963862],[111.264779,19.963059]]],[[[111.267231,19.965413],[111.270319,19.967277],[111.26822,19.963637],[111.267231,19.965413]]],[[[111.254903,19.95823],[111.253404,19.958312],[111.25962,19.962755],[111.258224,19.958915],[111.254903,19.95823]]],[[[111.272785,19.981589],[111.276964,19.983929],[111.278204,19.975038],[111.272884,19.978458],[111.272785,19.981589]]],[[[110.85043,19.522584],[110.850296,19.526072],[110.855969,19.522894],[110.853814,19.520612],[110.85043,19.522584]]],[[[110.81437,19.498224],[110.813375,19.503147],[110.818208,19.494755],[110.814944,19.494727],[110.81437,19.498224]]]]}},{"type":"Feature","properties":{"regionCode":"469006","regionName":"万宁市","regionLevel":"direct_county_level_city","parentCode":"460000","parentName":"海南省","sourceName":"GeoJSON.CN","sourceYear":"2025","sourceUrl":"https://geojson.cn/api/china/460000.json","license":"Copyright (c) 2025 GeoJSON.CN; reuse terms require manual confirmation","attribution":"GeoJSON.CN","simplifyToleranceDegrees":0.003},"geometry":{"type":"MultiPolygon","coordinates":[[[[110.361036,18.635524],[110.358427,18.640529],[110.366005,18.641171],[110.366905,18.637753],[110.361036,18.635524]]],[[[110.253334,18.649338],[110.252084,18.647085],[110.25301557707435,18.649152957189415],[110.253334,18.649338]]],[[[110.289424,18.649496],[110.292526,18.650451],[110.292966,18.6456],[110.290101,18.645908],[110.289424,18.649496]]],[[[110.485021,18.680821],[110.488224,18.678065],[110.483355,18.671866],[110.490184,18.672706],[110.498723,18.665649],[110.485265,18.653442],[110.48148,18.655272],[110.4792,18.665487],[110.483125,18.670696],[110.477388,18.673724],[110.475423,18.688008],[110.480185,18.688242],[110.485021,18.680821]]],[[[110.507373,18.758811],[110.505326,18.758835],[110.504889,18.761856],[110.506975,18.761303],[110.507373,18.758811]]],[[[110.571142,18.807235],[110.568702,18.810597],[110.571704,18.814075],[110.574273,18.80914],[110.571142,18.807235]]],[[[110.176225,19.001625],[110.180389,18.992507],[110.191956,18.991215],[110.190084,19.009914],[110.199162,19.012435],[110.201257,18.996591],[110.223108,18.997879],[110.229549,19.002472],[110.249945,18.976336],[110.272419,18.983803],[110.287441,18.983117],[110.313259,19.002629],[110.324681,18.999137],[110.346469,19.006211],[110.346985,19.022062],[110.397836,19.038519],[110.43553,19.05989],[110.451368,19.06065],[110.465006,19.074427],[110.46162,19.091654],[110.469615,19.097014],[110.477582,19.096963],[110.501545,19.079106],[110.521792,19.102969],[110.537994,19.102018],[110.540578,19.091635],[110.546789,19.088066],[110.576199,19.086015],[110.57174,19.045514],[110.544481,19.039369],[110.521519,18.988748],[110.515863,18.93185],[110.523225,18.880711],[110.516584,18.882268],[110.51685,18.889467],[110.512037,18.892774],[110.485792,18.881158],[110.476092,18.867992],[110.472715,18.877186],[110.467612,18.873177],[110.471849,18.8689],[110.466307,18.861743],[110.471299,18.858377],[110.467381,18.854449],[110.475527,18.849853],[110.46853,18.84654],[110.464703,18.836125],[110.443436,18.836086],[110.439363,18.82644],[110.43902,18.818655],[110.445174,18.81102],[110.487876,18.800014],[110.493445,18.790604],[110.517027,18.799837],[110.511343,18.812741],[110.502691,18.818563],[110.50928,18.827161],[110.506613,18.83874],[110.497701,18.848447],[110.495486,18.867326],[110.500967,18.886231],[110.511852,18.890264],[110.512626,18.881269],[110.522389,18.879413],[110.518999,18.879616],[110.517903,18.87192],[110.523095,18.830445],[110.535403,18.792956],[110.545603,18.786793],[110.541203,18.784455],[110.54342,18.779483],[110.530782,18.786914],[110.52111,18.781154],[110.518135,18.771355],[110.509157,18.779913],[110.492076,18.764184],[110.486638,18.774259],[110.469304,18.767741],[110.453345,18.731117],[110.440245,18.72619],[110.433502,18.679888],[110.41928,18.665802],[110.418,18.658757],[110.396751,18.674164],[110.384994,18.665926],[110.37527,18.670253],[110.363892,18.659812],[110.349997,18.67136],[110.336235,18.668178],[110.330983,18.662348],[110.331199,18.668872],[110.338962,18.673099],[110.341403,18.676828],[110.365609,18.688194],[110.373625,18.684995],[110.388465,18.687029],[110.404623,18.682858],[110.409148,18.693159],[110.414141,18.694121],[110.413883,18.684578],[110.418284,18.681394],[110.419697,18.694922],[110.396881,18.701706],[110.403741,18.689465],[110.401315,18.685372],[110.387422,18.690598],[110.375198,18.686099],[110.368305,18.688895],[110.356181,18.688743],[110.328275,18.669411],[110.329024,18.66337],[110.316534,18.658181],[110.288141,18.667237],[110.262188,18.657618],[110.245229,18.644628],[110.231449,18.628333],[110.223173,18.630575],[110.213716,18.62537],[110.206784,18.616852],[110.212461,18.613517],[110.210757,18.608743],[110.205241,18.60999],[110.205368,18.616032],[110.196007,18.611209],[110.1845,18.590968],[110.149954,18.598478],[110.145291,18.605286],[110.137542,18.606143],[110.115879,18.592767],[110.104616,18.60065],[110.096838,18.613895],[110.083193,18.615222],[110.067132,18.632118],[110.036701,18.634362],[110.016261,18.672911],[110.012709,18.691535],[110.014923,18.732818],[110.030865,18.737897],[110.031092,18.749525],[110.040493,18.760948],[110.052562,18.755917],[110.057268,18.758494],[110.0656,18.771884],[110.071278,18.773381],[110.070565,18.787242],[110.081951,18.791439],[110.09578,18.811488],[110.082179,18.839516],[110.045312,18.88477],[110.047861,18.889848],[110.104476,18.917422],[110.108253,18.944592],[110.14966,18.978279],[110.149777,18.989024],[110.16312,19.007942],[110.16628,19.010091],[110.176225,19.001625]]]]}},{"type":"Feature","properties":{"regionCode":"469007","regionName":"东方市","regionLevel":"direct_county_level_city","parentCode":"460000","parentName":"海南省","sourceName":"GeoJSON.CN","sourceYear":"2025","sourceUrl":"https://geojson.cn/api/china/460000.json","license":"Copyright (c) 2025 GeoJSON.CN; reuse terms require manual confirmation","attribution":"GeoJSON.CN","simplifyToleranceDegrees":0.003},"geometry":{"type":"MultiPolygon","coordinates":[[[[109.125208,18.878443],[109.123941,18.861709],[109.094984,18.857012],[109.078946,18.840671],[109.076397,18.81543],[109.071048,18.807478],[109.050503,18.807026],[109.04527,18.801675],[109.014209,18.808996],[108.998577,18.80326],[108.986962,18.786537],[108.92858,18.790226],[108.901356,18.783202],[108.866854,18.759563],[108.844416,18.750841],[108.811453,18.720065],[108.789359,18.722089],[108.777692,18.715694],[108.755837,18.73382],[108.713167,18.728486],[108.699929,18.721136],[108.69826,18.735819],[108.686304,18.754375],[108.672406,18.795217],[108.6519,18.815312],[108.629016,18.820498],[108.626999,18.834215],[108.635772,18.86529],[108.655593,18.89407],[108.662599,18.928326],[108.648497,18.963268],[108.650618,18.993202],[108.635273,19.047678],[108.63169,19.051519],[108.617868,19.049123],[108.621472,19.054572],[108.63258,19.055952],[108.63111,19.059796],[108.622786,19.057491],[108.629536,19.063053],[108.61635,19.098167],[108.622071,19.098423],[108.623743,19.10341],[108.624114,19.099337],[108.629406,19.100651],[108.628406,19.103977],[108.632701,19.10297],[108.647895,19.114994],[108.64136,19.113325],[108.645338,19.11702],[108.648145,19.115252],[108.647748,19.120411],[108.644072,19.117486],[108.64866,19.121528],[108.654689,19.121542],[108.677446,19.160352],[108.680918,19.176452],[108.672652,19.19586],[108.659333,19.205522],[108.645138,19.210371],[108.635776,19.201439],[108.636475,19.196838],[108.632167,19.199599],[108.639052,19.259302],[108.630984,19.270678],[108.626684,19.265053],[108.632545,19.261745],[108.62427,19.264244],[108.638656,19.283093],[108.639131,19.295694],[108.644581,19.297153],[108.643506,19.293072],[108.667912,19.283407],[108.671787,19.286695],[108.656878,19.30788],[108.649625,19.300062],[108.644282,19.301171],[108.66086,19.314416],[108.688491,19.283282],[108.694915,19.267426],[108.704125,19.262763],[108.737617,19.25961],[108.783802,19.244675],[108.833182,19.259929],[108.844242,19.248637],[108.88389,19.229321],[108.897507,19.229605],[108.916146,19.218566],[108.933583,19.222375],[108.954839,19.218909],[108.97001,19.198274],[108.977547,19.163411],[108.987563,19.15313],[109.004961,19.148819],[109.000864,19.142423],[108.989387,19.140166],[108.991293,19.131041],[109.014393,19.127116],[109.02116,19.116792],[109.022959,19.106985],[109.011717,19.095914],[109.015035,19.084375],[109.007561,19.074964],[109.01086,19.069843],[109.008783,19.050071],[109.019183,19.039233],[109.052897,19.044505],[109.07003,19.034654],[109.098883,19.028362],[109.110892,18.99509],[109.11373,18.969034],[109.089788,18.909906],[109.125208,18.878443]]],[[[108.653585,19.296471],[108.655681,19.296449],[108.660691,19.291136],[108.655241,19.29296],[108.653585,19.296471]]]]}},{"type":"Feature","properties":{"regionCode":"469021","regionName":"定安县","regionLevel":"direct_county_level_county","parentCode":"460000","parentName":"海南省","sourceName":"GeoJSON.CN","sourceYear":"2025","sourceUrl":"https://geojson.cn/api/china/460000.json","license":"Copyright (c) 2025 GeoJSON.CN; reuse terms require manual confirmation","attribution":"GeoJSON.CN","simplifyToleranceDegrees":0.003},"geometry":{"type":"Polygon","coordinates":[[[110.224831,19.221655],[110.231385,19.294747],[110.211611,19.31438],[110.192904,19.306922],[110.184993,19.309974],[110.186754,19.316805],[110.178099,19.324976],[110.188456,19.335585],[110.18796,19.351355],[110.175096,19.351251],[110.165672,19.361462],[110.159702,19.390885],[110.164448,19.426219],[110.170539,19.434656],[110.194037,19.455931],[110.227756,19.450704],[110.232926,19.459724],[110.23435,19.486087],[110.249275,19.489751],[110.255517,19.494603],[110.254988,19.500362],[110.242961,19.517728],[110.196304,19.535425],[110.201103,19.559555],[110.190244,19.591192],[110.173161,19.59235],[110.159461,19.5858],[110.15838,19.572607],[110.141038,19.557864],[110.137228,19.560288],[110.133589,19.57892],[110.14291,19.58046],[110.143342,19.584555],[110.138572,19.584539],[110.136933,19.593801],[110.127806,19.588064],[110.123967,19.594427],[110.141975,19.612765],[110.13137,19.647951],[110.143914,19.653057],[110.151975,19.668638],[110.160804,19.671564],[110.180604,19.658871],[110.179232,19.646827],[110.186668,19.641706],[110.186548,19.636747],[110.202477,19.630028],[110.207322,19.622982],[110.215799,19.623404],[110.2244,19.614586],[110.228734,19.618677],[110.221595,19.629875],[110.23249,19.642296],[110.239388,19.642261],[110.239634,19.659613],[110.257462,19.6687],[110.262422,19.694342],[110.29567,19.700938],[110.312507,19.696405],[110.324913,19.71403],[110.339999,19.720567],[110.350124,19.715652],[110.375197,19.71563],[110.378632,19.728086],[110.383195,19.728837],[110.381804,19.719692],[110.386263,19.718421],[110.393908,19.700593],[110.39005,19.69261],[110.378151,19.68662],[110.372647,19.65398],[110.384329,19.628244],[110.391437,19.625376],[110.392835,19.612073],[110.400835,19.606714],[110.423042,19.608396],[110.418971,19.595834],[110.423674,19.585704],[110.452252,19.573392],[110.458214,19.586589],[110.476308,19.582762],[110.488724,19.59355],[110.505241,19.586288],[110.50859,19.570815],[110.519325,19.563391],[110.496903,19.55501],[110.471914,19.53385],[110.471377,19.510936],[110.482659,19.502076],[110.507886,19.511678],[110.520569,19.510003],[110.551175,19.486779],[110.550248,19.471809],[110.527891,19.464118],[110.504828,19.468386],[110.494464,19.458398],[110.498845,19.456819],[110.493115,19.443724],[110.454712,19.445982],[110.42828,19.411959],[110.414134,19.416554],[110.397639,19.396638],[110.368746,19.391852],[110.362824,19.382386],[110.364232,19.360981],[110.336491,19.353084],[110.325415,19.322173],[110.327354,19.315225],[110.355513,19.30152],[110.361245,19.292388],[110.358504,19.27708],[110.346031,19.274467],[110.34068,19.267505],[110.338104,19.250123],[110.346081,19.235641],[110.340312,19.223867],[110.315771,19.229879],[110.30022,19.21587],[110.281225,19.220349],[110.266419,19.21322],[110.242085,19.22386],[110.224831,19.221655]]]}},{"type":"Feature","properties":{"regionCode":"469022","regionName":"屯昌县","regionLevel":"direct_county_level_county","parentCode":"460000","parentName":"海南省","sourceName":"GeoJSON.CN","sourceYear":"2025","sourceUrl":"https://geojson.cn/api/china/460000.json","license":"Copyright (c) 2025 GeoJSON.CN; reuse terms require manual confirmation","attribution":"GeoJSON.CN","simplifyToleranceDegrees":0.003},"geometry":{"type":"Polygon","coordinates":[[[110.137228,19.560288],[110.141038,19.557864],[110.15838,19.572607],[110.159461,19.5858],[110.173161,19.59235],[110.190244,19.591192],[110.201103,19.559555],[110.196304,19.535425],[110.242961,19.517728],[110.254988,19.500362],[110.255517,19.494603],[110.249275,19.489751],[110.23435,19.486087],[110.232926,19.459724],[110.227756,19.450704],[110.194037,19.455931],[110.170539,19.434656],[110.164448,19.426219],[110.159702,19.390885],[110.165672,19.361462],[110.175096,19.351251],[110.18796,19.351355],[110.188456,19.335585],[110.178099,19.324976],[110.186754,19.316805],[110.184993,19.309974],[110.192904,19.306922],[110.211611,19.31438],[110.231385,19.294747],[110.224945,19.248435],[110.227736,19.208237],[110.21173,19.206917],[110.170553,19.191266],[110.145781,19.208615],[110.138802,19.175066],[110.138478,19.159369],[110.142297,19.157445],[110.121862,19.131273],[110.098463,19.138442],[110.059392,19.130024],[110.048605,19.142225],[110.043663,19.157995],[110.031461,19.167648],[110.031488,19.176717],[110.0046,19.177904],[109.993871,19.191748],[109.957644,19.188661],[109.954322,19.212856],[109.937869,19.23223],[109.91736,19.240963],[109.896448,19.239178],[109.866802,19.272828],[109.846005,19.273845],[109.830431,19.280646],[109.821967,19.291212],[109.82784,19.335652],[109.823736,19.339142],[109.843289,19.353421],[109.843463,19.363965],[109.852397,19.381753],[109.870642,19.38823],[109.88559,19.378014],[109.907513,19.38661],[109.913056,19.393794],[109.906344,19.395707],[109.91442,19.403008],[109.911954,19.408644],[109.904256,19.410016],[109.914846,19.412753],[109.916182,19.427352],[109.941877,19.427419],[109.937868,19.434703],[109.925978,19.437744],[109.936832,19.446988],[109.940319,19.463447],[109.947566,19.465779],[109.937192,19.474898],[109.938244,19.48578],[109.961791,19.489525],[109.99804,19.482349],[110.020524,19.485416],[110.030345,19.480786],[110.038299,19.457836],[110.055346,19.458509],[110.072182,19.467675],[110.072052,19.492019],[110.119517,19.50322],[110.111801,19.51785],[110.114626,19.529196],[110.104399,19.533978],[110.101582,19.549006],[110.114973,19.549448],[110.127534,19.561174],[110.137228,19.560288]]]}},{"type":"Feature","properties":{"regionCode":"469023","regionName":"澄迈县","regionLevel":"direct_county_level_county","parentCode":"460000","parentName":"海南省","sourceName":"GeoJSON.CN","sourceYear":"2025","sourceUrl":"https://geojson.cn/api/china/460000.json","license":"Copyright (c) 2025 GeoJSON.CN; reuse terms require manual confirmation","attribution":"GeoJSON.CN","simplifyToleranceDegrees":0.003},"geometry":{"type":"Polygon","coordinates":[[[109.769426,19.578505],[109.786451,19.608125],[109.79929,19.600392],[109.81928,19.597367],[109.832033,19.602609],[109.831002,19.607342],[109.816682,19.611216],[109.815175,19.622276],[109.825182,19.630161],[109.830579,19.643945],[109.852733,19.652527],[109.862371,19.696503],[109.883177,19.724062],[109.887055,19.743019],[109.883974,19.756553],[109.890555,19.758694],[109.89708,19.779318],[109.886901,19.792925],[109.874312,19.799519],[109.877315,19.814243],[109.885362,19.820527],[109.883071,19.826755],[109.872294,19.832062],[109.874249,19.837661],[109.882914,19.83962],[109.884127,19.853355],[109.873535,19.854651],[109.869807,19.860821],[109.858994,19.860431],[109.850844,19.870071],[109.842025,19.871284],[109.850773,19.879973],[109.844476,19.892285],[109.854833,19.892173],[109.861322,19.900029],[109.863932,19.891403],[109.87687,19.884675],[109.885345,19.892204],[109.889917,19.922939],[109.877144,19.925865],[109.865525,19.939116],[109.882702,19.95448],[109.878349,19.964698],[109.887201,19.962623],[109.893056,19.97017],[109.893338,19.979174],[109.887882,19.980257],[109.882717,19.987328],[109.914898,19.98123],[109.922025,19.986089],[109.932935,19.982837],[109.944839,19.991165],[109.958126,19.972976],[109.957622,19.966002],[109.981834,19.944037],[110.003361,19.936875],[110.025886,19.943928],[110.009916,19.932258],[109.994422,19.936529],[109.971834,19.917569],[109.977375,19.914919],[109.976556,19.910737],[109.985348,19.918314],[109.987205,19.907826],[109.996297,19.909248],[109.997753,19.901443],[109.997735,19.908831],[109.990138,19.9184],[110.009082,19.915217],[110.009958,19.903857],[110.012172,19.902138],[110.012196,19.914305],[109.990944,19.924026],[109.993437,19.93185],[110.008155,19.928081],[110.029218,19.937407],[110.024363,19.949319],[110.01758,19.949296],[110.010587,19.958272],[110.022472,19.959095],[110.023225,19.952992],[110.02955,19.955212],[110.025606,19.959364],[110.055626,19.966724],[110.058712,19.97586],[110.065796,19.979891],[110.107162,19.986493],[110.128075,19.997831],[110.136485,19.991918],[110.135055,19.982023],[110.145301,19.973749],[110.161912,19.977641],[110.163982,19.960746],[110.158168,19.958679],[110.159588,19.951447],[110.151694,19.937115],[110.165531,19.931223],[110.15645,19.930095],[110.161285,19.926211],[110.162489,19.921187],[110.151919,19.930825],[110.147525,19.923913],[110.141293,19.927302],[110.13786,19.923352],[110.141414,19.913542],[110.156033,19.903804],[110.1428,19.892029],[110.154152,19.88332],[110.154454,19.865207],[110.13927,19.863314],[110.140059,19.85777],[110.145797,19.856257],[110.161551,19.865336],[110.175811,19.860341],[110.187447,19.864107],[110.189733,19.853395],[110.178591,19.852553],[110.174684,19.845884],[110.189898,19.845361],[110.201708,19.83617],[110.204784,19.821463],[110.200311,19.809047],[110.206975,19.788134],[110.210831,19.77874],[110.225136,19.771482],[110.222942,19.760442],[110.228639,19.752013],[110.214444,19.74273],[110.207344,19.725925],[110.208514,19.716735],[110.222124,19.715125],[110.226451,19.707506],[110.218516,19.683119],[110.227274,19.678275],[110.262421,19.687274],[110.257462,19.6687],[110.239634,19.659613],[110.239388,19.642261],[110.23249,19.642296],[110.221595,19.629875],[110.228734,19.618677],[110.2244,19.614586],[110.215799,19.623404],[110.207322,19.622982],[110.202477,19.630028],[110.186548,19.636747],[110.186668,19.641706],[110.179232,19.646827],[110.180604,19.658871],[110.160804,19.671564],[110.151975,19.668638],[110.143914,19.653057],[110.13137,19.647951],[110.141975,19.612765],[110.123967,19.594427],[110.127806,19.588064],[110.136933,19.593801],[110.138572,19.584539],[110.143342,19.584555],[110.14291,19.58046],[110.133589,19.57892],[110.137228,19.560288],[110.127534,19.561174],[110.114973,19.549448],[110.101582,19.549006],[110.104399,19.533978],[110.114626,19.529196],[110.111801,19.51785],[110.119517,19.50322],[110.072052,19.492019],[110.072182,19.467675],[110.045775,19.456022],[110.034348,19.463226],[110.026305,19.483882],[109.99804,19.482349],[109.961791,19.489525],[109.938244,19.48578],[109.937192,19.474898],[109.947566,19.465779],[109.940319,19.463447],[109.936832,19.446988],[109.925978,19.437744],[109.937868,19.434703],[109.941877,19.427419],[109.916182,19.427352],[109.914846,19.412753],[109.904256,19.410016],[109.911954,19.408644],[109.91442,19.403008],[109.906344,19.395707],[109.913056,19.393794],[109.907513,19.38661],[109.891388,19.378532],[109.881329,19.380851],[109.867915,19.393754],[109.869016,19.402976],[109.857595,19.41155],[109.861245,19.417248],[109.857634,19.41998],[109.853261,19.409672],[109.840095,19.401671],[109.853134,19.388528],[109.842893,19.38436],[109.827305,19.395802],[109.795905,19.382181],[109.79208,19.373068],[109.787622,19.373576],[109.773541,19.384851],[109.77494,19.391184],[109.76881,19.399209],[109.745966,19.401617],[109.737766,19.407457],[109.736592,19.419191],[109.75198,19.416973],[109.756287,19.4314],[109.743941,19.44239],[109.745654,19.473211],[109.728993,19.477394],[109.724978,19.48349],[109.731731,19.501161],[109.760024,19.528938],[109.755581,19.541138],[109.758126,19.569628],[109.769426,19.578505]]]}},{"type":"Feature","properties":{"regionCode":"469024","regionName":"临高县","regionLevel":"direct_county_level_county","parentCode":"460000","parentName":"海南省","sourceName":"GeoJSON.CN","sourceYear":"2025","sourceUrl":"https://geojson.cn/api/china/460000.json","license":"Copyright (c) 2025 GeoJSON.CN; reuse terms require manual confirmation","attribution":"GeoJSON.CN","simplifyToleranceDegrees":0.003},"geometry":{"type":"MultiPolygon","coordinates":[[[[109.866028,19.93796],[109.877144,19.925865],[109.889917,19.922939],[109.885345,19.892204],[109.87687,19.884675],[109.863932,19.891403],[109.861322,19.900029],[109.854833,19.892173],[109.844476,19.892285],[109.850773,19.879973],[109.842025,19.871284],[109.850844,19.870071],[109.858994,19.860431],[109.869807,19.860821],[109.873535,19.854651],[109.884127,19.853355],[109.882914,19.83962],[109.874249,19.837661],[109.872294,19.832062],[109.883071,19.826755],[109.885362,19.820527],[109.877315,19.814243],[109.874312,19.799519],[109.886901,19.792925],[109.89708,19.779318],[109.890555,19.758694],[109.883974,19.756553],[109.887055,19.743019],[109.883177,19.724062],[109.862371,19.696503],[109.852733,19.652527],[109.830579,19.643945],[109.825182,19.630161],[109.815175,19.622276],[109.816682,19.611216],[109.831002,19.607342],[109.832033,19.602609],[109.81928,19.597367],[109.79929,19.600392],[109.786451,19.608125],[109.769426,19.578505],[109.755978,19.573256],[109.743116,19.576085],[109.73632,19.58209],[109.741411,19.582408],[109.744987,19.590843],[109.739884,19.583672],[109.733165,19.589188],[109.738127,19.583577],[109.723362,19.586929],[109.709316,19.577551],[109.700915,19.587517],[109.690843,19.591482],[109.691582,19.584567],[109.674773,19.598858],[109.677152,19.588714],[109.66706,19.60437],[109.6663,19.597556],[109.664185,19.600624],[109.659634,19.618612],[109.674419,19.62894],[109.651668,19.627653],[109.648492,19.630975],[109.644382,19.626443],[109.63617,19.633152],[109.619707,19.627828],[109.610834,19.629262],[109.600245,19.641257],[109.582912,19.637647],[109.588074,19.647985],[109.583942,19.658536],[109.571612,19.666035],[109.574639,19.676818],[109.568043,19.69011],[109.558908,19.692804],[109.557917,19.709675],[109.572252,19.704603],[109.585849,19.714412],[109.584542,19.718823],[109.59394,19.719445],[109.599446,19.730757],[109.599885,19.754673],[109.59591,19.764892],[109.58005,19.76956],[109.573373,19.779188],[109.569812,19.832017],[109.562643,19.856876],[109.57133,19.854582],[109.565288,19.861051],[109.54588,19.862875],[109.542694,19.869454],[109.534817,19.870707],[109.53075,19.865626],[109.522308,19.872251],[109.528285,19.887907],[109.523837,19.888365],[109.524155,19.89533],[109.518357,19.894385],[109.52863,19.911133],[109.536949,19.913191],[109.533042,19.919937],[109.535441,19.932424],[109.530359,19.92584],[109.532645,19.932005],[109.538294,19.934751],[109.539334,19.944008],[109.555727,19.946719],[109.563563,19.957478],[109.574487,19.962646],[109.584356,19.97856],[109.618231,19.991827],[109.645906,19.991686],[109.677211,20.002399],[109.707664,20.004623],[109.715123,20.0107],[109.763038,19.964261],[109.776691,19.962112],[109.794825,19.966316],[109.797962,19.962382],[109.808804,19.962619],[109.805223,19.951944],[109.812769,19.939733],[109.824053,19.946709],[109.822479,19.975165],[109.815451,19.984517],[109.820686,19.990445],[109.82438,19.980841],[109.832007,19.981963],[109.841557,19.971827],[109.840218,19.96273],[109.845407,19.956315],[109.842356,19.949199],[109.855165,19.937228],[109.866028,19.93796]]],[[[109.42213,19.912802],[109.417569,19.91591],[109.437503,19.923192],[109.481706,19.911875],[109.463874,19.900294],[109.442801,19.915793],[109.42213,19.912802]]],[[[109.809958,19.976591],[109.813241,19.97887],[109.815665,19.977035],[109.808949,19.973183],[109.809958,19.976591]]],[[[109.861722,19.941034],[109.863012,19.938819],[109.855083,19.939842],[109.857385,19.941617],[109.861722,19.941034]]]]}},{"type":"Feature","properties":{"regionCode":"469025","regionName":"白沙黎族自治县","regionLevel":"direct_county_level_autonomous_county","parentCode":"460000","parentName":"海南省","sourceName":"GeoJSON.CN","sourceYear":"2025","sourceUrl":"https://geojson.cn/api/china/460000.json","license":"Copyright (c) 2025 GeoJSON.CN; reuse terms require manual confirmation","attribution":"GeoJSON.CN","simplifyToleranceDegrees":0.003},"geometry":{"type":"Polygon","coordinates":[[[109.044762,19.430463],[109.053747,19.443734],[109.045391,19.468737],[109.051407,19.487821],[109.074975,19.486025],[109.096497,19.472746],[109.111867,19.473048],[109.117541,19.467601],[109.123161,19.476921],[109.130536,19.479662],[109.142574,19.457259],[109.153516,19.451393],[109.16664,19.432382],[109.191812,19.431766],[109.195505,19.423859],[109.182727,19.415104],[109.178046,19.400948],[109.186554,19.392211],[109.203589,19.396694],[109.222116,19.384482],[109.231562,19.392061],[109.235179,19.388104],[109.244966,19.390955],[109.2677,19.376794],[109.268377,19.382101],[109.278878,19.381846],[109.276243,19.386724],[109.290792,19.387575],[109.292133,19.399517],[109.302189,19.388628],[109.30625,19.395204],[109.310316,19.388925],[109.318055,19.398499],[109.320991,19.390578],[109.325475,19.393314],[109.335665,19.38821],[109.342362,19.372612],[109.349453,19.374179],[109.349642,19.369731],[109.353848,19.372514],[109.356485,19.369122],[109.360283,19.372996],[109.357954,19.377947],[109.364271,19.377866],[109.369391,19.37151],[109.380272,19.371027],[109.382589,19.35675],[109.393026,19.352815],[109.414647,19.359411],[109.425081,19.355207],[109.444402,19.369413],[109.442513,19.377231],[109.457229,19.399415],[109.476733,19.401068],[109.483867,19.406093],[109.491303,19.393837],[109.485485,19.385269],[109.506309,19.359512],[109.497624,19.354651],[109.501156,19.345796],[109.498596,19.333943],[109.488403,19.330597],[109.484818,19.314162],[109.475455,19.315234],[109.468583,19.300943],[109.48411,19.297861],[109.510718,19.304576],[109.50763,19.301009],[109.511445,19.298442],[109.541632,19.311969],[109.564527,19.274761],[109.582663,19.258488],[109.587408,19.243304],[109.596797,19.246197],[109.600157,19.25447],[109.611208,19.253644],[109.613857,19.225292],[109.634077,19.202496],[109.673676,19.206491],[109.686991,19.178936],[109.689538,19.163153],[109.701497,19.15437],[109.70147,19.135298],[109.687736,19.118768],[109.675027,19.127984],[109.661475,19.127549],[109.655047,19.117192],[109.653942,19.103536],[109.635681,19.094855],[109.627536,19.095721],[109.611861,19.084285],[109.6153,19.062441],[109.606467,19.053813],[109.55778,19.07262],[109.542793,19.061795],[109.540159,19.040034],[109.524029,19.030939],[109.502606,19.027741],[109.493336,19.031621],[109.47752,19.026892],[109.468835,19.03246],[109.459479,18.997339],[109.425444,18.99109],[109.407294,18.969291],[109.408223,18.964182],[109.381141,18.950396],[109.380072,18.942732],[109.371794,18.937999],[109.365697,18.936066],[109.358496,18.944089],[109.337197,18.952728],[109.329113,18.951044],[109.300428,18.96216],[109.283765,18.962089],[109.283305,18.97631],[109.278264,18.982697],[109.286472,18.999597],[109.280351,19.008651],[109.282638,19.023774],[109.275676,19.043869],[109.276624,19.064995],[109.2573,19.064576],[109.245681,19.075115],[109.220523,19.076007],[109.215216,19.084871],[109.202287,19.090151],[109.177069,19.083417],[109.16191,19.124814],[109.161626,19.148024],[109.129004,19.17372],[109.120207,19.204045],[109.131982,19.226014],[109.142825,19.265688],[109.119612,19.299839],[109.104758,19.29724],[109.095238,19.303221],[109.082642,19.328799],[109.058669,19.331207],[109.043697,19.342802],[109.041538,19.360533],[109.052396,19.374754],[109.04544,19.402928],[109.044762,19.430463]]]}},{"type":"Feature","properties":{"regionCode":"469026","regionName":"昌江黎族自治县","regionLevel":"direct_county_level_autonomous_county","parentCode":"460000","parentName":"海南省","sourceName":"GeoJSON.CN","sourceYear":"2025","sourceUrl":"https://geojson.cn/api/china/460000.json","license":"Copyright (c) 2025 GeoJSON.CN; reuse terms require manual confirmation","attribution":"GeoJSON.CN","simplifyToleranceDegrees":0.003},"geometry":{"type":"Polygon","coordinates":[[[109.125208,18.878443],[109.089788,18.909906],[109.11373,18.969034],[109.110892,18.99509],[109.098883,19.028362],[109.07003,19.034654],[109.052897,19.044505],[109.019183,19.039233],[109.008783,19.050071],[109.01086,19.069843],[109.007561,19.074964],[109.015035,19.084375],[109.011717,19.095914],[109.022959,19.106985],[109.02116,19.116792],[109.014393,19.127116],[108.991293,19.131041],[108.989387,19.140166],[109.000864,19.142423],[109.004961,19.148819],[108.987563,19.15313],[108.977547,19.163411],[108.97001,19.198274],[108.958594,19.215561],[108.933583,19.222375],[108.916146,19.218566],[108.897507,19.229605],[108.88389,19.229321],[108.844242,19.248637],[108.833182,19.259929],[108.783802,19.244675],[108.737617,19.25961],[108.725594,19.258688],[108.694915,19.267426],[108.688491,19.283282],[108.66086,19.314416],[108.674053,19.32397],[108.674348,19.336536],[108.667639,19.346101],[108.680474,19.354012],[108.688209,19.370946],[108.72597,19.371231],[108.757236,19.380347],[108.809888,19.419562],[108.812906,19.433323],[108.813013,19.423982],[108.816064,19.432612],[108.828763,19.441181],[108.873691,19.456294],[108.891801,19.468884],[108.890371,19.475432],[108.895357,19.472916],[108.889669,19.477465],[108.899166,19.47695],[108.935577,19.506767],[108.942643,19.493757],[108.958763,19.492437],[108.965044,19.482047],[108.983639,19.476682],[109.000177,19.428728],[109.016654,19.426668],[109.033006,19.435154],[109.044762,19.430463],[109.04544,19.402928],[109.052396,19.374754],[109.041538,19.360533],[109.043697,19.342802],[109.058669,19.331207],[109.082642,19.328799],[109.095238,19.303221],[109.104758,19.29724],[109.119612,19.299839],[109.142825,19.265688],[109.120015,19.197618],[109.129004,19.17372],[109.161626,19.148024],[109.16191,19.124814],[109.177069,19.083417],[109.202287,19.090151],[109.215216,19.084871],[109.220523,19.076007],[109.245681,19.075115],[109.2573,19.064576],[109.276624,19.064995],[109.275676,19.043869],[109.282638,19.023774],[109.280351,19.008651],[109.286472,18.999597],[109.278264,18.982697],[109.283305,18.97631],[109.283765,18.962089],[109.298193,18.9609],[109.295418,18.950192],[109.268779,18.933144],[109.265545,18.905931],[109.245933,18.898922],[109.228852,18.898843],[109.221322,18.893087],[109.206726,18.894828],[109.179029,18.91105],[109.155581,18.907988],[109.14137,18.904159],[109.125208,18.878443]]]}},{"type":"Feature","properties":{"regionCode":"469027","regionName":"乐东黎族自治县","regionLevel":"direct_county_level_autonomous_county","parentCode":"460000","parentName":"海南省","sourceName":"GeoJSON.CN","sourceYear":"2025","sourceUrl":"https://geojson.cn/api/china/460000.json","license":"Copyright (c) 2025 GeoJSON.CN; reuse terms require manual confirmation","attribution":"GeoJSON.CN","simplifyToleranceDegrees":0.003},"geometry":{"type":"Polygon","coordinates":[[[109.298193,18.9609],[109.348517,18.946358],[109.327346,18.9281],[109.32785,18.919455],[109.324317,18.918239],[109.334425,18.912685],[109.34313,18.899051],[109.347437,18.887627],[109.343043,18.883759],[109.347493,18.881856],[109.342793,18.877403],[109.36085,18.872136],[109.374625,18.853988],[109.362031,18.84008],[109.361682,18.825918],[109.353096,18.812316],[109.360549,18.775599],[109.351885,18.772375],[109.359076,18.736976],[109.356022,18.713388],[109.363024,18.70132],[109.381528,18.686437],[109.384135,18.67808],[109.392374,18.677674],[109.398134,18.671097],[109.394536,18.643761],[109.407977,18.627807],[109.394144,18.621213],[109.37047,18.59394],[109.332806,18.575375],[109.313538,18.547653],[109.319775,18.530278],[109.313335,18.517475],[109.304322,18.518677],[109.294544,18.513481],[109.292072,18.529449],[109.279631,18.531522],[109.271135,18.545652],[109.248565,18.558922],[109.232814,18.551269],[109.206658,18.555602],[109.185902,18.514932],[109.187124,18.497191],[109.195067,18.483651],[109.195164,18.469397],[109.184597,18.459374],[109.187825,18.455317],[109.176876,18.449907],[109.16729,18.451407],[109.16307,18.459552],[109.151198,18.465895],[109.117634,18.457882],[109.107803,18.462968],[109.105584,18.457248],[109.086269,18.446237],[109.072565,18.452209],[109.06353,18.435281],[109.050578,18.437335],[109.031679,18.430715],[109.025891,18.423569],[109.015232,18.422672],[109.00397,18.399764],[108.985116,18.390339],[108.976563,18.378281],[108.963343,18.387681],[108.966849,18.396025],[108.958206,18.399113],[108.958371,18.402859],[108.884148,18.420052],[108.864387,18.428845],[108.843318,18.455275],[108.819914,18.470286],[108.780108,18.484669],[108.701477,18.49732],[108.6914,18.503787],[108.685789,18.520423],[108.680117,18.518876],[108.676949,18.520243],[108.684969,18.52089],[108.678877,18.552484],[108.704197,18.6228],[108.706039,18.668448],[108.701141,18.681006],[108.695751,18.679075],[108.702672,18.694852],[108.699929,18.721136],[108.713167,18.728486],[108.755837,18.73382],[108.777692,18.715694],[108.789359,18.722089],[108.811453,18.720065],[108.844416,18.750841],[108.866854,18.759563],[108.901356,18.783202],[108.92858,18.790226],[108.986962,18.786537],[108.998577,18.80326],[109.014209,18.808996],[109.04527,18.801675],[109.050503,18.807026],[109.071048,18.807478],[109.076397,18.81543],[109.078946,18.840671],[109.094984,18.857012],[109.123941,18.861709],[109.125208,18.878443],[109.14137,18.904159],[109.179029,18.91105],[109.206726,18.894828],[109.221322,18.893087],[109.228852,18.898843],[109.25235,18.900422],[109.265545,18.905931],[109.268779,18.933144],[109.295418,18.950192],[109.298193,18.9609]]]}},{"type":"Feature","properties":{"regionCode":"469028","regionName":"陵水黎族自治县","regionLevel":"direct_county_level_autonomous_county","parentCode":"460000","parentName":"海南省","sourceName":"GeoJSON.CN","sourceYear":"2025","sourceUrl":"https://geojson.cn/api/china/460000.json","license":"Copyright (c) 2025 GeoJSON.CN; reuse terms require manual confirmation","attribution":"GeoJSON.CN","simplifyToleranceDegrees":0.003},"geometry":{"type":"MultiPolygon","coordinates":[[[[110.198631,18.580123],[110.204398,18.577741],[110.198194,18.572569],[110.196857,18.57348],[110.198631,18.580123]]],[[[110.20262584842436,18.580505344224285],[110.20206,18.581388],[110.202628,18.580505],[110.20262584842436,18.580505344224285]]],[[[109.788335,18.419361],[109.784941,18.43326],[109.803468,18.439378],[109.810826,18.465756],[109.798181,18.485713],[109.787413,18.486304],[109.77768,18.493151],[109.778221,18.509039],[109.804189,18.518211],[109.807191,18.507897],[109.814265,18.508362],[109.816073,18.513747],[109.828778,18.511182],[109.837129,18.526153],[109.835735,18.541971],[109.850357,18.550242],[109.852107,18.559928],[109.847091,18.571],[109.827198,18.569902],[109.823003,18.581196],[109.810509,18.584309],[109.804835,18.592946],[109.807422,18.629496],[109.816746,18.635742],[109.830321,18.634999],[109.823946,18.66037],[109.833502,18.662867],[109.83968,18.678617],[109.822441,18.698133],[109.82303,18.706602],[109.804939,18.708945],[109.804428,18.72522],[109.78084,18.717421],[109.771968,18.723692],[109.777589,18.736138],[109.769045,18.742433],[109.773407,18.760552],[109.756183,18.765051],[109.755854,18.784149],[109.773488,18.80935],[109.782151,18.793068],[109.7892,18.793086],[109.805096,18.780252],[109.81409,18.742249],[109.820181,18.742392],[109.831738,18.728224],[109.859038,18.729985],[109.872461,18.746801],[109.879258,18.746806],[109.887332,18.755911],[109.90237,18.739377],[109.920975,18.760581],[109.944107,18.77187],[109.966281,18.773598],[109.980452,18.76714],[109.99379,18.745641],[110.005736,18.734742],[110.014923,18.732818],[110.012709,18.691535],[110.016261,18.672911],[110.036701,18.634362],[110.067132,18.632118],[110.083193,18.615222],[110.096838,18.613895],[110.104616,18.60065],[110.115879,18.592767],[110.137542,18.606143],[110.145291,18.605286],[110.149954,18.598478],[110.1845,18.590968],[110.183771,18.58525],[110.161244,18.5805],[110.143404,18.551172],[110.127916,18.548857],[110.105665,18.525186],[110.084044,18.467813],[110.070959,18.403862],[110.062302,18.410311],[110.068544,18.422823],[110.066533,18.436226],[110.054591,18.443804],[110.044136,18.430256],[110.044756,18.422022],[110.053049,18.419031],[110.043288,18.414366],[110.046533,18.408757],[110.068078,18.405941],[110.053894,18.381715],[110.050395,18.385226],[110.030714,18.384582],[110.020711,18.375717],[110.004388,18.372999],[109.996071,18.384467],[109.983566,18.382956],[109.971797,18.387639],[109.970421,18.407807],[109.976067,18.408503],[109.993409,18.395025],[110.013269,18.398041],[110.024349,18.410422],[110.026592,18.423806],[110.036343,18.435903],[110.027702,18.445197],[110.020569,18.429906],[109.993316,18.434623],[109.985766,18.430232],[109.981626,18.417526],[109.971031,18.409113],[109.938211,18.414418],[109.907419,18.411771],[109.872912,18.396904],[109.863882,18.385775],[109.856085,18.388274],[109.826908,18.375939],[109.820818,18.378522],[109.821434,18.388605],[109.816816,18.389322],[109.820351,18.391043],[109.814734,18.39732],[109.78822,18.398638],[109.785015,18.402608],[109.791504,18.405396],[109.788335,18.419361]]]]}},{"type":"Feature","properties":{"regionCode":"469029","regionName":"保亭黎族苗族自治县","regionLevel":"direct_county_level_autonomous_county","parentCode":"460000","parentName":"海南省","sourceName":"GeoJSON.CN","sourceYear":"2025","sourceUrl":"https://geojson.cn/api/china/460000.json","license":"Copyright (c) 2025 GeoJSON.CN; reuse terms require manual confirmation","attribution":"GeoJSON.CN","simplifyToleranceDegrees":0.003},"geometry":{"type":"Polygon","coordinates":[[[109.773488,18.80935],[109.755854,18.784149],[109.756183,18.765051],[109.773407,18.760552],[109.769045,18.742433],[109.777589,18.736138],[109.771968,18.723692],[109.78084,18.717421],[109.804428,18.72522],[109.804939,18.708945],[109.82303,18.706602],[109.822441,18.698133],[109.83968,18.678617],[109.833502,18.662867],[109.823946,18.66037],[109.830321,18.634999],[109.816746,18.635742],[109.807422,18.629496],[109.805062,18.611822],[109.804835,18.592946],[109.810509,18.584309],[109.823003,18.581196],[109.827198,18.569902],[109.847091,18.571],[109.852107,18.559928],[109.850357,18.550242],[109.835735,18.541971],[109.837129,18.526153],[109.828778,18.511182],[109.816073,18.513747],[109.814265,18.508362],[109.807191,18.507897],[109.804189,18.518211],[109.789918,18.510045],[109.781195,18.51107],[109.776311,18.524169],[109.762804,18.525515],[109.759553,18.503039],[109.725234,18.493032],[109.726503,18.472483],[109.719364,18.472482],[109.713213,18.465343],[109.707651,18.448184],[109.710255,18.425863],[109.696442,18.435632],[109.688994,18.426314],[109.690127,18.413033],[109.683274,18.412779],[109.679436,18.405695],[109.683563,18.396491],[109.677168,18.393981],[109.672599,18.398103],[109.665623,18.391054],[109.656435,18.39106],[109.643475,18.393849],[109.638197,18.401445],[109.604088,18.387511],[109.588751,18.395945],[109.577625,18.388599],[109.563311,18.396246],[109.53991,18.396675],[109.538096,18.409055],[109.515622,18.429063],[109.51446,18.435795],[109.519839,18.433554],[109.527253,18.445756],[109.52058,18.455879],[109.526205,18.478689],[109.536985,18.490765],[109.535221,18.53145],[109.509469,18.540206],[109.50317,18.555091],[109.487769,18.552806],[109.473761,18.560034],[109.455969,18.557014],[109.435156,18.568901],[109.423206,18.562938],[109.420246,18.566732],[109.423807,18.574083],[109.406632,18.60402],[109.405184,18.623386],[109.407977,18.627807],[109.431169,18.629148],[109.448311,18.655326],[109.488557,18.646583],[109.509002,18.653767],[109.524054,18.649337],[109.528236,18.656571],[109.539587,18.658956],[109.531475,18.672517],[109.535432,18.67985],[109.527641,18.703263],[109.540447,18.710032],[109.551829,18.731046],[109.564619,18.737856],[109.563302,18.742118],[109.584728,18.738404],[109.583235,18.724355],[109.573044,18.723477],[109.570313,18.717091],[109.583495,18.713198],[109.594357,18.694123],[109.603672,18.693677],[109.619852,18.678332],[109.625632,18.689953],[109.633237,18.689612],[109.634003,18.705792],[109.641767,18.722996],[109.67507,18.727091],[109.702999,18.721738],[109.70653,18.734871],[109.681534,18.785271],[109.687841,18.791227],[109.685484,18.800661],[109.692487,18.807985],[109.684624,18.822942],[109.690548,18.830709],[109.722033,18.832456],[109.740835,18.818031],[109.766505,18.820651],[109.773488,18.80935]]]}},{"type":"Feature","properties":{"regionCode":"469030","regionName":"琼中黎族苗族自治县","regionLevel":"direct_county_level_autonomous_county","parentCode":"460000","parentName":"海南省","sourceName":"GeoJSON.CN","sourceYear":"2025","sourceUrl":"https://geojson.cn/api/china/460000.json","license":"Copyright (c) 2025 GeoJSON.CN; reuse terms require manual confirmation","attribution":"GeoJSON.CN","simplifyToleranceDegrees":0.003},"geometry":{"type":"Polygon","coordinates":[[[110.014923,18.732818],[110.005736,18.734742],[109.99379,18.745641],[109.980452,18.76714],[109.959355,18.773736],[109.944107,18.77187],[109.920975,18.760581],[109.90237,18.739377],[109.887332,18.755911],[109.879258,18.746806],[109.872461,18.746801],[109.859038,18.729985],[109.831738,18.728224],[109.820181,18.742392],[109.81409,18.742249],[109.805096,18.780252],[109.7892,18.793086],[109.782151,18.793068],[109.766505,18.820651],[109.740835,18.818031],[109.715453,18.833744],[109.715185,18.864009],[109.702222,18.875748],[109.697926,18.886573],[109.709684,18.898941],[109.722845,18.900677],[109.731301,18.913343],[109.687787,18.92686],[109.676148,18.925714],[109.6627,18.915228],[109.650471,18.918417],[109.640245,18.915037],[109.627475,18.920413],[109.619289,18.912063],[109.602387,18.909502],[109.596771,18.9228],[109.578664,18.924546],[109.571927,18.939364],[109.553597,18.946328],[109.544711,18.978616],[109.528867,19.000094],[109.533144,19.014534],[109.524029,19.030939],[109.540159,19.040034],[109.542793,19.061795],[109.548969,19.069507],[109.565857,19.071632],[109.606467,19.053813],[109.6153,19.062441],[109.611861,19.084285],[109.627536,19.095721],[109.635681,19.094855],[109.653942,19.103536],[109.655047,19.117192],[109.661475,19.127549],[109.675027,19.127984],[109.687736,19.118768],[109.70147,19.135298],[109.701497,19.15437],[109.689538,19.163153],[109.685068,19.172899],[109.706822,19.221622],[109.707684,19.247079],[109.69718,19.272424],[109.711574,19.30251],[109.713922,19.329799],[109.709217,19.342319],[109.701845,19.339531],[109.700211,19.349488],[109.648232,19.353325],[109.648842,19.389534],[109.642616,19.397357],[109.646434,19.4024],[109.659097,19.406678],[109.670588,19.404699],[109.692569,19.414035],[109.719372,19.403236],[109.735325,19.408942],[109.745966,19.401617],[109.76881,19.399209],[109.77494,19.391184],[109.773541,19.384851],[109.79208,19.373068],[109.795905,19.382181],[109.827305,19.395802],[109.842893,19.38436],[109.853134,19.388528],[109.840095,19.401671],[109.853261,19.409672],[109.857634,19.41998],[109.861245,19.417248],[109.857595,19.41155],[109.866834,19.407098],[109.867915,19.393754],[109.876455,19.386888],[109.852397,19.381753],[109.843463,19.363965],[109.843289,19.353421],[109.823736,19.339142],[109.82784,19.335652],[109.821967,19.291212],[109.830431,19.280646],[109.846005,19.273845],[109.866802,19.272828],[109.896448,19.239178],[109.91736,19.240963],[109.937869,19.23223],[109.954322,19.212856],[109.957644,19.188661],[109.993871,19.191748],[110.0046,19.177904],[110.031488,19.176717],[110.031461,19.167648],[110.043663,19.157995],[110.048605,19.142225],[110.059392,19.130024],[110.098463,19.138442],[110.119138,19.131233],[110.129492,19.076925],[110.124855,19.058352],[110.127938,19.045539],[110.143306,19.034193],[110.148853,19.023452],[110.161829,19.01826],[110.1567,19.008376],[110.160577,19.003158],[110.149777,18.989024],[110.14966,18.978279],[110.108253,18.944592],[110.104476,18.917422],[110.047861,18.889848],[110.045312,18.88477],[110.082179,18.839516],[110.094825,18.805786],[110.081951,18.791439],[110.070565,18.787242],[110.071278,18.773381],[110.0656,18.771884],[110.057268,18.758494],[110.052562,18.755917],[110.040493,18.760948],[110.031092,18.749525],[110.030865,18.737897],[110.014923,18.732818]]]}}]}