record_id,source_id,source_name,source_url,source_type,region_id,region_name,region_level,year_or_period,year_start,year_end,indicator_code,indicator_name,indicator_label,indicator_group,value,unit,method,quality_level,is_proxy,is_simulated,database_target,frontend_group,display_priority,notes
AREA-00001,SRC_LIT_FORESTS_HI_MANGROVE_RS_2023,"Using Medium-Resolution Remote Sensing Satellite Images to Evaluate Recent Changes and Future Development Trends of Mangrove Forests on Hainan Island, China",https://www.mdpi.com/1999-4907/14/11/2217,peer_reviewed_remote_sensing_table,REG_HI_DONGZHAIGANG,海南岛-东寨港,SITE_AREA,1990,1990,1990,MANGROVE_AREA,mangrove_area,红树林面积,area_boundary,1615.0,ha,Published Table 3 mangrove area interpreted from Landsat TM/ETM+/OLI medium-resolution satellite images.,A,0,0,satellite.public_area_observation,mangrove_area,10,"Site-level protected-area / growth-area value; keep as regional remote-sensing statistic, not plot observation."
AREA-00002,SRC_LIT_FORESTS_HI_MANGROVE_RS_2023,"Using Medium-Resolution Remote Sensing Satellite Images to Evaluate Recent Changes and Future Development Trends of Mangrove Forests on Hainan Island, China",https://www.mdpi.com/1999-4907/14/11/2217,peer_reviewed_remote_sensing_table,REG_HI_DONGZHAIGANG,海南岛-东寨港,SITE_AREA,1995,1995,1995,MANGROVE_AREA,mangrove_area,红树林面积,area_boundary,1540.0,ha,Published Table 3 mangrove area interpreted from Landsat TM/ETM+/OLI medium-resolution satellite images.,A,0,0,satellite.public_area_observation,mangrove_area,10,"Site-level protected-area / growth-area value; keep as regional remote-sensing statistic, not plot observation."
AREA-00003,SRC_LIT_FORESTS_HI_MANGROVE_RS_2023,"Using Medium-Resolution Remote Sensing Satellite Images to Evaluate Recent Changes and Future Development Trends of Mangrove Forests on Hainan Island, China",https://www.mdpi.com/1999-4907/14/11/2217,peer_reviewed_remote_sensing_table,REG_HI_DONGZHAIGANG,海南岛-东寨港,SITE_AREA,2000,2000,2000,MANGROVE_AREA,mangrove_area,红树林面积,area_boundary,1664.0,ha,Published Table 3 mangrove area interpreted from Landsat TM/ETM+/OLI medium-resolution satellite images.,A,0,0,satellite.public_area_observation,mangrove_area,10,"Site-level protected-area / growth-area value; keep as regional remote-sensing statistic, not plot observation."
AREA-00004,SRC_LIT_FORESTS_HI_MANGROVE_RS_2023,"Using Medium-Resolution Remote Sensing Satellite Images to Evaluate Recent Changes and Future Development Trends of Mangrove Forests on Hainan Island, China",https://www.mdpi.com/1999-4907/14/11/2217,peer_reviewed_remote_sensing_table,REG_HI_DONGZHAIGANG,海南岛-东寨港,SITE_AREA,2005,2005,2005,MANGROVE_AREA,mangrove_area,红树林面积,area_boundary,1723.0,ha,Published Table 3 mangrove area interpreted from Landsat TM/ETM+/OLI medium-resolution satellite images.,A,0,0,satellite.public_area_observation,mangrove_area,10,"Site-level protected-area / growth-area value; keep as regional remote-sensing statistic, not plot observation."
AREA-00005,SRC_LIT_FORESTS_HI_MANGROVE_RS_2023,"Using Medium-Resolution Remote Sensing Satellite Images to Evaluate Recent Changes and Future Development Trends of Mangrove Forests on Hainan Island, China",https://www.mdpi.com/1999-4907/14/11/2217,peer_reviewed_remote_sensing_table,REG_HI_DONGZHAIGANG,海南岛-东寨港,SITE_AREA,2010,2010,2010,MANGROVE_AREA,mangrove_area,红树林面积,area_boundary,1787.0,ha,Published Table 3 mangrove area interpreted from Landsat TM/ETM+/OLI medium-resolution satellite images.,A,0,0,satellite.public_area_observation,mangrove_area,10,"Site-level protected-area / growth-area value; keep as regional remote-sensing statistic, not plot observation."
AREA-00006,SRC_LIT_FORESTS_HI_MANGROVE_RS_2023,"Using Medium-Resolution Remote Sensing Satellite Images to Evaluate Recent Changes and Future Development Trends of Mangrove Forests on Hainan Island, China",https://www.mdpi.com/1999-4907/14/11/2217,peer_reviewed_remote_sensing_table,REG_HI_DONGZHAIGANG,海南岛-东寨港,SITE_AREA,2015,2015,2015,MANGROVE_AREA,mangrove_area,红树林面积,area_boundary,1740.0,ha,Published Table 3 mangrove area interpreted from Landsat TM/ETM+/OLI medium-resolution satellite images.,A,0,0,satellite.public_area_observation,mangrove_area,10,"Site-level protected-area / growth-area value; keep as regional remote-sensing statistic, not plot observation."
AREA-00007,SRC_LIT_FORESTS_HI_MANGROVE_RS_2023,"Using Medium-Resolution Remote Sensing Satellite Images to Evaluate Recent Changes and Future Development Trends of Mangrove Forests on Hainan Island, China",https://www.mdpi.com/1999-4907/14/11/2217,peer_reviewed_remote_sensing_table,REG_HI_DONGZHAIGANG,海南岛-东寨港,SITE_AREA,2020,2020,2020,MANGROVE_AREA,mangrove_area,红树林面积,area_boundary,1751.0,ha,Published Table 3 mangrove area interpreted from Landsat TM/ETM+/OLI medium-resolution satellite images.,A,0,0,satellite.public_area_observation,mangrove_area,10,"Site-level protected-area / growth-area value; keep as regional remote-sensing statistic, not plot observation."
AREA-00008,SRC_LIT_FORESTS_HI_MANGROVE_RS_2023,"Using Medium-Resolution Remote Sensing Satellite Images to Evaluate Recent Changes and Future Development Trends of Mangrove Forests on Hainan Island, China",https://www.mdpi.com/1999-4907/14/11/2217,peer_reviewed_remote_sensing_table,REG_HI_DONGFANG,海南岛-东方,SITE_AREA,1990,1990,1990,MANGROVE_AREA,mangrove_area,红树林面积,area_boundary,26.0,ha,Published Table 3 mangrove area interpreted from Landsat TM/ETM+/OLI medium-resolution satellite images.,A,0,0,satellite.public_area_observation,mangrove_area,10,"Site-level protected-area / growth-area value; keep as regional remote-sensing statistic, not plot observation."
AREA-00009,SRC_LIT_FORESTS_HI_MANGROVE_RS_2023,"Using Medium-Resolution Remote Sensing Satellite Images to Evaluate Recent Changes and Future Development Trends of Mangrove Forests on Hainan Island, China",https://www.mdpi.com/1999-4907/14/11/2217,peer_reviewed_remote_sensing_table,REG_HI_DONGFANG,海南岛-东方,SITE_AREA,1995,1995,1995,MANGROVE_AREA,mangrove_area,红树林面积,area_boundary,38.0,ha,Published Table 3 mangrove area interpreted from Landsat TM/ETM+/OLI medium-resolution satellite images.,A,0,0,satellite.public_area_observation,mangrove_area,10,"Site-level protected-area / growth-area value; keep as regional remote-sensing statistic, not plot observation."
AREA-00010,SRC_LIT_FORESTS_HI_MANGROVE_RS_2023,"Using Medium-Resolution Remote Sensing Satellite Images to Evaluate Recent Changes and Future Development Trends of Mangrove Forests on Hainan Island, China",https://www.mdpi.com/1999-4907/14/11/2217,peer_reviewed_remote_sensing_table,REG_HI_DONGFANG,海南岛-东方,SITE_AREA,2000,2000,2000,MANGROVE_AREA,mangrove_area,红树林面积,area_boundary,30.0,ha,Published Table 3 mangrove area interpreted from Landsat TM/ETM+/OLI medium-resolution satellite images.,A,0,0,satellite.public_area_observation,mangrove_area,10,"Site-level protected-area / growth-area value; keep as regional remote-sensing statistic, not plot observation."
AREA-00011,SRC_LIT_FORESTS_HI_MANGROVE_RS_2023,"Using Medium-Resolution Remote Sensing Satellite Images to Evaluate Recent Changes and Future Development Trends of Mangrove Forests on Hainan Island, China",https://www.mdpi.com/1999-4907/14/11/2217,peer_reviewed_remote_sensing_table,REG_HI_DONGFANG,海南岛-东方,SITE_AREA,2005,2005,2005,MANGROVE_AREA,mangrove_area,红树林面积,area_boundary,60.0,ha,Published Table 3 mangrove area interpreted from Landsat TM/ETM+/OLI medium-resolution satellite images.,A,0,0,satellite.public_area_observation,mangrove_area,10,"Site-level protected-area / growth-area value; keep as regional remote-sensing statistic, not plot observation."
AREA-00012,SRC_LIT_FORESTS_HI_MANGROVE_RS_2023,"Using Medium-Resolution Remote Sensing Satellite Images to Evaluate Recent Changes and Future Development Trends of Mangrove Forests on Hainan Island, China",https://www.mdpi.com/1999-4907/14/11/2217,peer_reviewed_remote_sensing_table,REG_HI_DONGFANG,海南岛-东方,SITE_AREA,2010,2010,2010,MANGROVE_AREA,mangrove_area,红树林面积,area_boundary,67.0,ha,Published Table 3 mangrove area interpreted from Landsat TM/ETM+/OLI medium-resolution satellite images.,A,0,0,satellite.public_area_observation,mangrove_area,10,"Site-level protected-area / growth-area value; keep as regional remote-sensing statistic, not plot observation."
AREA-00013,SRC_LIT_FORESTS_HI_MANGROVE_RS_2023,"Using Medium-Resolution Remote Sensing Satellite Images to Evaluate Recent Changes and Future Development Trends of Mangrove Forests on Hainan Island, China",https://www.mdpi.com/1999-4907/14/11/2217,peer_reviewed_remote_sensing_table,REG_HI_DONGFANG,海南岛-东方,SITE_AREA,2015,2015,2015,MANGROVE_AREA,mangrove_area,红树林面积,area_boundary,77.0,ha,Published Table 3 mangrove area interpreted from Landsat TM/ETM+/OLI medium-resolution satellite images.,A,0,0,satellite.public_area_observation,mangrove_area,10,"Site-level protected-area / growth-area value; keep as regional remote-sensing statistic, not plot observation."
AREA-00014,SRC_LIT_FORESTS_HI_MANGROVE_RS_2023,"Using Medium-Resolution Remote Sensing Satellite Images to Evaluate Recent Changes and Future Development Trends of Mangrove Forests on Hainan Island, China",https://www.mdpi.com/1999-4907/14/11/2217,peer_reviewed_remote_sensing_table,REG_HI_DONGFANG,海南岛-东方,SITE_AREA,2020,2020,2020,MANGROVE_AREA,mangrove_area,红树林面积,area_boundary,80.0,ha,Published Table 3 mangrove area interpreted from Landsat TM/ETM+/OLI medium-resolution satellite images.,A,0,0,satellite.public_area_observation,mangrove_area,10,"Site-level protected-area / growth-area value; keep as regional remote-sensing statistic, not plot observation."
AREA-00015,SRC_LIT_FORESTS_HI_MANGROVE_RS_2023,"Using Medium-Resolution Remote Sensing Satellite Images to Evaluate Recent Changes and Future Development Trends of Mangrove Forests on Hainan Island, China",https://www.mdpi.com/1999-4907/14/11/2217,peer_reviewed_remote_sensing_table,REG_HI_HUIWEN,海南岛-会文,SITE_AREA,1990,1990,1990,MANGROVE_AREA,mangrove_area,红树林面积,area_boundary,1055.0,ha,Published Table 3 mangrove area interpreted from Landsat TM/ETM+/OLI medium-resolution satellite images.,A,0,0,satellite.public_area_observation,mangrove_area,10,"Site-level protected-area / growth-area value; keep as regional remote-sensing statistic, not plot observation."
AREA-00016,SRC_LIT_FORESTS_HI_MANGROVE_RS_2023,"Using Medium-Resolution Remote Sensing Satellite Images to Evaluate Recent Changes and Future Development Trends of Mangrove Forests on Hainan Island, China",https://www.mdpi.com/1999-4907/14/11/2217,peer_reviewed_remote_sensing_table,REG_HI_HUIWEN,海南岛-会文,SITE_AREA,1995,1995,1995,MANGROVE_AREA,mangrove_area,红树林面积,area_boundary,989.0,ha,Published Table 3 mangrove area interpreted from Landsat TM/ETM+/OLI medium-resolution satellite images.,A,0,0,satellite.public_area_observation,mangrove_area,10,"Site-level protected-area / growth-area value; keep as regional remote-sensing statistic, not plot observation."
AREA-00017,SRC_LIT_FORESTS_HI_MANGROVE_RS_2023,"Using Medium-Resolution Remote Sensing Satellite Images to Evaluate Recent Changes and Future Development Trends of Mangrove Forests on Hainan Island, China",https://www.mdpi.com/1999-4907/14/11/2217,peer_reviewed_remote_sensing_table,REG_HI_HUIWEN,海南岛-会文,SITE_AREA,2000,2000,2000,MANGROVE_AREA,mangrove_area,红树林面积,area_boundary,817.0,ha,Published Table 3 mangrove area interpreted from Landsat TM/ETM+/OLI medium-resolution satellite images.,A,0,0,satellite.public_area_observation,mangrove_area,10,"Site-level protected-area / growth-area value; keep as regional remote-sensing statistic, not plot observation."
AREA-00018,SRC_LIT_FORESTS_HI_MANGROVE_RS_2023,"Using Medium-Resolution Remote Sensing Satellite Images to Evaluate Recent Changes and Future Development Trends of Mangrove Forests on Hainan Island, China",https://www.mdpi.com/1999-4907/14/11/2217,peer_reviewed_remote_sensing_table,REG_HI_HUIWEN,海南岛-会文,SITE_AREA,2005,2005,2005,MANGROVE_AREA,mangrove_area,红树林面积,area_boundary,826.0,ha,Published Table 3 mangrove area interpreted from Landsat TM/ETM+/OLI medium-resolution satellite images.,A,0,0,satellite.public_area_observation,mangrove_area,10,"Site-level protected-area / growth-area value; keep as regional remote-sensing statistic, not plot observation."
AREA-00019,SRC_LIT_FORESTS_HI_MANGROVE_RS_2023,"Using Medium-Resolution Remote Sensing Satellite Images to Evaluate Recent Changes and Future Development Trends of Mangrove Forests on Hainan Island, China",https://www.mdpi.com/1999-4907/14/11/2217,peer_reviewed_remote_sensing_table,REG_HI_HUIWEN,海南岛-会文,SITE_AREA,2010,2010,2010,MANGROVE_AREA,mangrove_area,红树林面积,area_boundary,869.0,ha,Published Table 3 mangrove area interpreted from Landsat TM/ETM+/OLI medium-resolution satellite images.,A,0,0,satellite.public_area_observation,mangrove_area,10,"Site-level protected-area / growth-area value; keep as regional remote-sensing statistic, not plot observation."
AREA-00020,SRC_LIT_FORESTS_HI_MANGROVE_RS_2023,"Using Medium-Resolution Remote Sensing Satellite Images to Evaluate Recent Changes and Future Development Trends of Mangrove Forests on Hainan Island, China",https://www.mdpi.com/1999-4907/14/11/2217,peer_reviewed_remote_sensing_table,REG_HI_HUIWEN,海南岛-会文,SITE_AREA,2015,2015,2015,MANGROVE_AREA,mangrove_area,红树林面积,area_boundary,878.0,ha,Published Table 3 mangrove area interpreted from Landsat TM/ETM+/OLI medium-resolution satellite images.,A,0,0,satellite.public_area_observation,mangrove_area,10,"Site-level protected-area / growth-area value; keep as regional remote-sensing statistic, not plot observation."
AREA-00021,SRC_LIT_FORESTS_HI_MANGROVE_RS_2023,"Using Medium-Resolution Remote Sensing Satellite Images to Evaluate Recent Changes and Future Development Trends of Mangrove Forests on Hainan Island, China",https://www.mdpi.com/1999-4907/14/11/2217,peer_reviewed_remote_sensing_table,REG_HI_HUIWEN,海南岛-会文,SITE_AREA,2020,2020,2020,MANGROVE_AREA,mangrove_area,红树林面积,area_boundary,904.0,ha,Published Table 3 mangrove area interpreted from Landsat TM/ETM+/OLI medium-resolution satellite images.,A,0,0,satellite.public_area_observation,mangrove_area,10,"Site-level protected-area / growth-area value; keep as regional remote-sensing statistic, not plot observation."
AREA-00022,SRC_LIT_FORESTS_HI_MANGROVE_RS_2023,"Using Medium-Resolution Remote Sensing Satellite Images to Evaluate Recent Changes and Future Development Trends of Mangrove Forests on Hainan Island, China",https://www.mdpi.com/1999-4907/14/11/2217,peer_reviewed_remote_sensing_table,REG_HI_GUANNAN,海南岛-冠南,SITE_AREA,1990,1990,1990,MANGROVE_AREA,mangrove_area,红树林面积,area_boundary,227.0,ha,Published Table 3 mangrove area interpreted from Landsat TM/ETM+/OLI medium-resolution satellite images.,A,0,0,satellite.public_area_observation,mangrove_area,10,"Site-level protected-area / growth-area value; keep as regional remote-sensing statistic, not plot observation."
AREA-00023,SRC_LIT_FORESTS_HI_MANGROVE_RS_2023,"Using Medium-Resolution Remote Sensing Satellite Images to Evaluate Recent Changes and Future Development Trends of Mangrove Forests on Hainan Island, China",https://www.mdpi.com/1999-4907/14/11/2217,peer_reviewed_remote_sensing_table,REG_HI_GUANNAN,海南岛-冠南,SITE_AREA,1995,1995,1995,MANGROVE_AREA,mangrove_area,红树林面积,area_boundary,191.0,ha,Published Table 3 mangrove area interpreted from Landsat TM/ETM+/OLI medium-resolution satellite images.,A,0,0,satellite.public_area_observation,mangrove_area,10,"Site-level protected-area / growth-area value; keep as regional remote-sensing statistic, not plot observation."
AREA-00024,SRC_LIT_FORESTS_HI_MANGROVE_RS_2023,"Using Medium-Resolution Remote Sensing Satellite Images to Evaluate Recent Changes and Future Development Trends of Mangrove Forests on Hainan Island, China",https://www.mdpi.com/1999-4907/14/11/2217,peer_reviewed_remote_sensing_table,REG_HI_GUANNAN,海南岛-冠南,SITE_AREA,2000,2000,2000,MANGROVE_AREA,mangrove_area,红树林面积,area_boundary,193.0,ha,Published Table 3 mangrove area interpreted from Landsat TM/ETM+/OLI medium-resolution satellite images.,A,0,0,satellite.public_area_observation,mangrove_area,10,"Site-level protected-area / growth-area value; keep as regional remote-sensing statistic, not plot observation."
AREA-00025,SRC_LIT_FORESTS_HI_MANGROVE_RS_2023,"Using Medium-Resolution Remote Sensing Satellite Images to Evaluate Recent Changes and Future Development Trends of Mangrove Forests on Hainan Island, China",https://www.mdpi.com/1999-4907/14/11/2217,peer_reviewed_remote_sensing_table,REG_HI_GUANNAN,海南岛-冠南,SITE_AREA,2005,2005,2005,MANGROVE_AREA,mangrove_area,红树林面积,area_boundary,174.0,ha,Published Table 3 mangrove area interpreted from Landsat TM/ETM+/OLI medium-resolution satellite images.,A,0,0,satellite.public_area_observation,mangrove_area,10,"Site-level protected-area / growth-area value; keep as regional remote-sensing statistic, not plot observation."
AREA-00026,SRC_LIT_FORESTS_HI_MANGROVE_RS_2023,"Using Medium-Resolution Remote Sensing Satellite Images to Evaluate Recent Changes and Future Development Trends of Mangrove Forests on Hainan Island, China",https://www.mdpi.com/1999-4907/14/11/2217,peer_reviewed_remote_sensing_table,REG_HI_GUANNAN,海南岛-冠南,SITE_AREA,2010,2010,2010,MANGROVE_AREA,mangrove_area,红树林面积,area_boundary,173.0,ha,Published Table 3 mangrove area interpreted from Landsat TM/ETM+/OLI medium-resolution satellite images.,A,0,0,satellite.public_area_observation,mangrove_area,10,"Site-level protected-area / growth-area value; keep as regional remote-sensing statistic, not plot observation."
AREA-00027,SRC_LIT_FORESTS_HI_MANGROVE_RS_2023,"Using Medium-Resolution Remote Sensing Satellite Images to Evaluate Recent Changes and Future Development Trends of Mangrove Forests on Hainan Island, China",https://www.mdpi.com/1999-4907/14/11/2217,peer_reviewed_remote_sensing_table,REG_HI_GUANNAN,海南岛-冠南,SITE_AREA,2015,2015,2015,MANGROVE_AREA,mangrove_area,红树林面积,area_boundary,156.0,ha,Published Table 3 mangrove area interpreted from Landsat TM/ETM+/OLI medium-resolution satellite images.,A,0,0,satellite.public_area_observation,mangrove_area,10,"Site-level protected-area / growth-area value; keep as regional remote-sensing statistic, not plot observation."
AREA-00028,SRC_LIT_FORESTS_HI_MANGROVE_RS_2023,"Using Medium-Resolution Remote Sensing Satellite Images to Evaluate Recent Changes and Future Development Trends of Mangrove Forests on Hainan Island, China",https://www.mdpi.com/1999-4907/14/11/2217,peer_reviewed_remote_sensing_table,REG_HI_GUANNAN,海南岛-冠南,SITE_AREA,2020,2020,2020,MANGROVE_AREA,mangrove_area,红树林面积,area_boundary,167.0,ha,Published Table 3 mangrove area interpreted from Landsat TM/ETM+/OLI medium-resolution satellite images.,A,0,0,satellite.public_area_observation,mangrove_area,10,"Site-level protected-area / growth-area value; keep as regional remote-sensing statistic, not plot observation."
AREA-00029,SRC_LIT_FORESTS_HI_MANGROVE_RS_2023,"Using Medium-Resolution Remote Sensing Satellite Images to Evaluate Recent Changes and Future Development Trends of Mangrove Forests on Hainan Island, China",https://www.mdpi.com/1999-4907/14/11/2217,peer_reviewed_remote_sensing_table,REG_HI_XINYINGGANG,海南岛-新英港,SITE_AREA,1990,1990,1990,MANGROVE_AREA,mangrove_area,红树林面积,area_boundary,328.0,ha,Published Table 3 mangrove area interpreted from Landsat TM/ETM+/OLI medium-resolution satellite images.,A,0,0,satellite.public_area_observation,mangrove_area,10,"Site-level protected-area / growth-area value; keep as regional remote-sensing statistic, not plot observation."
AREA-00030,SRC_LIT_FORESTS_HI_MANGROVE_RS_2023,"Using Medium-Resolution Remote Sensing Satellite Images to Evaluate Recent Changes and Future Development Trends of Mangrove Forests on Hainan Island, China",https://www.mdpi.com/1999-4907/14/11/2217,peer_reviewed_remote_sensing_table,REG_HI_XINYINGGANG,海南岛-新英港,SITE_AREA,1995,1995,1995,MANGROVE_AREA,mangrove_area,红树林面积,area_boundary,301.0,ha,Published Table 3 mangrove area interpreted from Landsat TM/ETM+/OLI medium-resolution satellite images.,A,0,0,satellite.public_area_observation,mangrove_area,10,"Site-level protected-area / growth-area value; keep as regional remote-sensing statistic, not plot observation."
AREA-00031,SRC_LIT_FORESTS_HI_MANGROVE_RS_2023,"Using Medium-Resolution Remote Sensing Satellite Images to Evaluate Recent Changes and Future Development Trends of Mangrove Forests on Hainan Island, China",https://www.mdpi.com/1999-4907/14/11/2217,peer_reviewed_remote_sensing_table,REG_HI_XINYINGGANG,海南岛-新英港,SITE_AREA,2000,2000,2000,MANGROVE_AREA,mangrove_area,红树林面积,area_boundary,289.0,ha,Published Table 3 mangrove area interpreted from Landsat TM/ETM+/OLI medium-resolution satellite images.,A,0,0,satellite.public_area_observation,mangrove_area,10,"Site-level protected-area / growth-area value; keep as regional remote-sensing statistic, not plot observation."
AREA-00032,SRC_LIT_FORESTS_HI_MANGROVE_RS_2023,"Using Medium-Resolution Remote Sensing Satellite Images to Evaluate Recent Changes and Future Development Trends of Mangrove Forests on Hainan Island, China",https://www.mdpi.com/1999-4907/14/11/2217,peer_reviewed_remote_sensing_table,REG_HI_XINYINGGANG,海南岛-新英港,SITE_AREA,2005,2005,2005,MANGROVE_AREA,mangrove_area,红树林面积,area_boundary,230.0,ha,Published Table 3 mangrove area interpreted from Landsat TM/ETM+/OLI medium-resolution satellite images.,A,0,0,satellite.public_area_observation,mangrove_area,10,"Site-level protected-area / growth-area value; keep as regional remote-sensing statistic, not plot observation."
AREA-00033,SRC_LIT_FORESTS_HI_MANGROVE_RS_2023,"Using Medium-Resolution Remote Sensing Satellite Images to Evaluate Recent Changes and Future Development Trends of Mangrove Forests on Hainan Island, China",https://www.mdpi.com/1999-4907/14/11/2217,peer_reviewed_remote_sensing_table,REG_HI_XINYINGGANG,海南岛-新英港,SITE_AREA,2010,2010,2010,MANGROVE_AREA,mangrove_area,红树林面积,area_boundary,273.0,ha,Published Table 3 mangrove area interpreted from Landsat TM/ETM+/OLI medium-resolution satellite images.,A,0,0,satellite.public_area_observation,mangrove_area,10,"Site-level protected-area / growth-area value; keep as regional remote-sensing statistic, not plot observation."
AREA-00034,SRC_LIT_FORESTS_HI_MANGROVE_RS_2023,"Using Medium-Resolution Remote Sensing Satellite Images to Evaluate Recent Changes and Future Development Trends of Mangrove Forests on Hainan Island, China",https://www.mdpi.com/1999-4907/14/11/2217,peer_reviewed_remote_sensing_table,REG_HI_XINYINGGANG,海南岛-新英港,SITE_AREA,2015,2015,2015,MANGROVE_AREA,mangrove_area,红树林面积,area_boundary,290.0,ha,Published Table 3 mangrove area interpreted from Landsat TM/ETM+/OLI medium-resolution satellite images.,A,0,0,satellite.public_area_observation,mangrove_area,10,"Site-level protected-area / growth-area value; keep as regional remote-sensing statistic, not plot observation."
AREA-00035,SRC_LIT_FORESTS_HI_MANGROVE_RS_2023,"Using Medium-Resolution Remote Sensing Satellite Images to Evaluate Recent Changes and Future Development Trends of Mangrove Forests on Hainan Island, China",https://www.mdpi.com/1999-4907/14/11/2217,peer_reviewed_remote_sensing_table,REG_HI_XINYINGGANG,海南岛-新英港,SITE_AREA,2020,2020,2020,MANGROVE_AREA,mangrove_area,红树林面积,area_boundary,298.0,ha,Published Table 3 mangrove area interpreted from Landsat TM/ETM+/OLI medium-resolution satellite images.,A,0,0,satellite.public_area_observation,mangrove_area,10,"Site-level protected-area / growth-area value; keep as regional remote-sensing statistic, not plot observation."
AREA-00036,SRC_LIT_FORESTS_HI_MANGROVE_RS_2023,"Using Medium-Resolution Remote Sensing Satellite Images to Evaluate Recent Changes and Future Development Trends of Mangrove Forests on Hainan Island, China",https://www.mdpi.com/1999-4907/14/11/2217,peer_reviewed_remote_sensing_table,REG_HI_YANGPUGANG,海南岛-洋浦港,SITE_AREA,1990,1990,1990,MANGROVE_AREA,mangrove_area,红树林面积,area_boundary,747.0,ha,Published Table 3 mangrove area interpreted from Landsat TM/ETM+/OLI medium-resolution satellite images.,A,0,0,satellite.public_area_observation,mangrove_area,10,"Site-level protected-area / growth-area value; keep as regional remote-sensing statistic, not plot observation."
AREA-00037,SRC_LIT_FORESTS_HI_MANGROVE_RS_2023,"Using Medium-Resolution Remote Sensing Satellite Images to Evaluate Recent Changes and Future Development Trends of Mangrove Forests on Hainan Island, China",https://www.mdpi.com/1999-4907/14/11/2217,peer_reviewed_remote_sensing_table,REG_HI_YANGPUGANG,海南岛-洋浦港,SITE_AREA,1995,1995,1995,MANGROVE_AREA,mangrove_area,红树林面积,area_boundary,730.0,ha,Published Table 3 mangrove area interpreted from Landsat TM/ETM+/OLI medium-resolution satellite images.,A,0,0,satellite.public_area_observation,mangrove_area,10,"Site-level protected-area / growth-area value; keep as regional remote-sensing statistic, not plot observation."
AREA-00038,SRC_LIT_FORESTS_HI_MANGROVE_RS_2023,"Using Medium-Resolution Remote Sensing Satellite Images to Evaluate Recent Changes and Future Development Trends of Mangrove Forests on Hainan Island, China",https://www.mdpi.com/1999-4907/14/11/2217,peer_reviewed_remote_sensing_table,REG_HI_YANGPUGANG,海南岛-洋浦港,SITE_AREA,2000,2000,2000,MANGROVE_AREA,mangrove_area,红树林面积,area_boundary,498.0,ha,Published Table 3 mangrove area interpreted from Landsat TM/ETM+/OLI medium-resolution satellite images.,A,0,0,satellite.public_area_observation,mangrove_area,10,"Site-level protected-area / growth-area value; keep as regional remote-sensing statistic, not plot observation."
AREA-00039,SRC_LIT_FORESTS_HI_MANGROVE_RS_2023,"Using Medium-Resolution Remote Sensing Satellite Images to Evaluate Recent Changes and Future Development Trends of Mangrove Forests on Hainan Island, China",https://www.mdpi.com/1999-4907/14/11/2217,peer_reviewed_remote_sensing_table,REG_HI_YANGPUGANG,海南岛-洋浦港,SITE_AREA,2005,2005,2005,MANGROVE_AREA,mangrove_area,红树林面积,area_boundary,492.0,ha,Published Table 3 mangrove area interpreted from Landsat TM/ETM+/OLI medium-resolution satellite images.,A,0,0,satellite.public_area_observation,mangrove_area,10,"Site-level protected-area / growth-area value; keep as regional remote-sensing statistic, not plot observation."
AREA-00040,SRC_LIT_FORESTS_HI_MANGROVE_RS_2023,"Using Medium-Resolution Remote Sensing Satellite Images to Evaluate Recent Changes and Future Development Trends of Mangrove Forests on Hainan Island, China",https://www.mdpi.com/1999-4907/14/11/2217,peer_reviewed_remote_sensing_table,REG_HI_YANGPUGANG,海南岛-洋浦港,SITE_AREA,2010,2010,2010,MANGROVE_AREA,mangrove_area,红树林面积,area_boundary,609.0,ha,Published Table 3 mangrove area interpreted from Landsat TM/ETM+/OLI medium-resolution satellite images.,A,0,0,satellite.public_area_observation,mangrove_area,10,"Site-level protected-area / growth-area value; keep as regional remote-sensing statistic, not plot observation."
AREA-00041,SRC_LIT_FORESTS_HI_MANGROVE_RS_2023,"Using Medium-Resolution Remote Sensing Satellite Images to Evaluate Recent Changes and Future Development Trends of Mangrove Forests on Hainan Island, China",https://www.mdpi.com/1999-4907/14/11/2217,peer_reviewed_remote_sensing_table,REG_HI_YANGPUGANG,海南岛-洋浦港,SITE_AREA,2015,2015,2015,MANGROVE_AREA,mangrove_area,红树林面积,area_boundary,627.0,ha,Published Table 3 mangrove area interpreted from Landsat TM/ETM+/OLI medium-resolution satellite images.,A,0,0,satellite.public_area_observation,mangrove_area,10,"Site-level protected-area / growth-area value; keep as regional remote-sensing statistic, not plot observation."
AREA-00042,SRC_LIT_FORESTS_HI_MANGROVE_RS_2023,"Using Medium-Resolution Remote Sensing Satellite Images to Evaluate Recent Changes and Future Development Trends of Mangrove Forests on Hainan Island, China",https://www.mdpi.com/1999-4907/14/11/2217,peer_reviewed_remote_sensing_table,REG_HI_YANGPUGANG,海南岛-洋浦港,SITE_AREA,2020,2020,2020,MANGROVE_AREA,mangrove_area,红树林面积,area_boundary,682.0,ha,Published Table 3 mangrove area interpreted from Landsat TM/ETM+/OLI medium-resolution satellite images.,A,0,0,satellite.public_area_observation,mangrove_area,10,"Site-level protected-area / growth-area value; keep as regional remote-sensing statistic, not plot observation."
AREA-00043,SRC_LIT_FORESTS_HI_MANGROVE_RS_2023,"Using Medium-Resolution Remote Sensing Satellite Images to Evaluate Recent Changes and Future Development Trends of Mangrove Forests on Hainan Island, China",https://www.mdpi.com/1999-4907/14/11/2217,peer_reviewed_remote_sensing_table,REG_HI_HUACHANGWAN,海南岛-花场湾,SITE_AREA,1990,1990,1990,MANGROVE_AREA,mangrove_area,红树林面积,area_boundary,355.0,ha,Published Table 3 mangrove area interpreted from Landsat TM/ETM+/OLI medium-resolution satellite images.,A,0,0,satellite.public_area_observation,mangrove_area,10,"Site-level protected-area / growth-area value; keep as regional remote-sensing statistic, not plot observation."
AREA-00044,SRC_LIT_FORESTS_HI_MANGROVE_RS_2023,"Using Medium-Resolution Remote Sensing Satellite Images to Evaluate Recent Changes and Future Development Trends of Mangrove Forests on Hainan Island, China",https://www.mdpi.com/1999-4907/14/11/2217,peer_reviewed_remote_sensing_table,REG_HI_HUACHANGWAN,海南岛-花场湾,SITE_AREA,1995,1995,1995,MANGROVE_AREA,mangrove_area,红树林面积,area_boundary,300.0,ha,Published Table 3 mangrove area interpreted from Landsat TM/ETM+/OLI medium-resolution satellite images.,A,0,0,satellite.public_area_observation,mangrove_area,10,"Site-level protected-area / growth-area value; keep as regional remote-sensing statistic, not plot observation."
AREA-00045,SRC_LIT_FORESTS_HI_MANGROVE_RS_2023,"Using Medium-Resolution Remote Sensing Satellite Images to Evaluate Recent Changes and Future Development Trends of Mangrove Forests on Hainan Island, China",https://www.mdpi.com/1999-4907/14/11/2217,peer_reviewed_remote_sensing_table,REG_HI_HUACHANGWAN,海南岛-花场湾,SITE_AREA,2000,2000,2000,MANGROVE_AREA,mangrove_area,红树林面积,area_boundary,234.0,ha,Published Table 3 mangrove area interpreted from Landsat TM/ETM+/OLI medium-resolution satellite images.,A,0,0,satellite.public_area_observation,mangrove_area,10,"Site-level protected-area / growth-area value; keep as regional remote-sensing statistic, not plot observation."
AREA-00046,SRC_LIT_FORESTS_HI_MANGROVE_RS_2023,"Using Medium-Resolution Remote Sensing Satellite Images to Evaluate Recent Changes and Future Development Trends of Mangrove Forests on Hainan Island, China",https://www.mdpi.com/1999-4907/14/11/2217,peer_reviewed_remote_sensing_table,REG_HI_HUACHANGWAN,海南岛-花场湾,SITE_AREA,2005,2005,2005,MANGROVE_AREA,mangrove_area,红树林面积,area_boundary,220.0,ha,Published Table 3 mangrove area interpreted from Landsat TM/ETM+/OLI medium-resolution satellite images.,A,0,0,satellite.public_area_observation,mangrove_area,10,"Site-level protected-area / growth-area value; keep as regional remote-sensing statistic, not plot observation."
AREA-00047,SRC_LIT_FORESTS_HI_MANGROVE_RS_2023,"Using Medium-Resolution Remote Sensing Satellite Images to Evaluate Recent Changes and Future Development Trends of Mangrove Forests on Hainan Island, China",https://www.mdpi.com/1999-4907/14/11/2217,peer_reviewed_remote_sensing_table,REG_HI_HUACHANGWAN,海南岛-花场湾,SITE_AREA,2010,2010,2010,MANGROVE_AREA,mangrove_area,红树林面积,area_boundary,367.0,ha,Published Table 3 mangrove area interpreted from Landsat TM/ETM+/OLI medium-resolution satellite images.,A,0,0,satellite.public_area_observation,mangrove_area,10,"Site-level protected-area / growth-area value; keep as regional remote-sensing statistic, not plot observation."
AREA-00048,SRC_LIT_FORESTS_HI_MANGROVE_RS_2023,"Using Medium-Resolution Remote Sensing Satellite Images to Evaluate Recent Changes and Future Development Trends of Mangrove Forests on Hainan Island, China",https://www.mdpi.com/1999-4907/14/11/2217,peer_reviewed_remote_sensing_table,REG_HI_HUACHANGWAN,海南岛-花场湾,SITE_AREA,2015,2015,2015,MANGROVE_AREA,mangrove_area,红树林面积,area_boundary,334.0,ha,Published Table 3 mangrove area interpreted from Landsat TM/ETM+/OLI medium-resolution satellite images.,A,0,0,satellite.public_area_observation,mangrove_area,10,"Site-level protected-area / growth-area value; keep as regional remote-sensing statistic, not plot observation."
AREA-00049,SRC_LIT_FORESTS_HI_MANGROVE_RS_2023,"Using Medium-Resolution Remote Sensing Satellite Images to Evaluate Recent Changes and Future Development Trends of Mangrove Forests on Hainan Island, China",https://www.mdpi.com/1999-4907/14/11/2217,peer_reviewed_remote_sensing_table,REG_HI_HUACHANGWAN,海南岛-花场湾,SITE_AREA,2020,2020,2020,MANGROVE_AREA,mangrove_area,红树林面积,area_boundary,327.0,ha,Published Table 3 mangrove area interpreted from Landsat TM/ETM+/OLI medium-resolution satellite images.,A,0,0,satellite.public_area_observation,mangrove_area,10,"Site-level protected-area / growth-area value; keep as regional remote-sensing statistic, not plot observation."
AREA-00050,SRC_LIT_FORESTS_HI_MANGROVE_RS_2023,"Using Medium-Resolution Remote Sensing Satellite Images to Evaluate Recent Changes and Future Development Trends of Mangrove Forests on Hainan Island, China",https://www.mdpi.com/1999-4907/14/11/2217,peer_reviewed_remote_sensing_table,REG_HI_PUQIAN,海南岛-铺前,SITE_AREA,1990,1990,1990,MANGROVE_AREA,mangrove_area,红树林面积,area_boundary,170.0,ha,Published Table 3 mangrove area interpreted from Landsat TM/ETM+/OLI medium-resolution satellite images.,A,0,0,satellite.public_area_observation,mangrove_area,10,"Site-level protected-area / growth-area value; keep as regional remote-sensing statistic, not plot observation."
AREA-00051,SRC_LIT_FORESTS_HI_MANGROVE_RS_2023,"Using Medium-Resolution Remote Sensing Satellite Images to Evaluate Recent Changes and Future Development Trends of Mangrove Forests on Hainan Island, China",https://www.mdpi.com/1999-4907/14/11/2217,peer_reviewed_remote_sensing_table,REG_HI_PUQIAN,海南岛-铺前,SITE_AREA,1995,1995,1995,MANGROVE_AREA,mangrove_area,红树林面积,area_boundary,167.0,ha,Published Table 3 mangrove area interpreted from Landsat TM/ETM+/OLI medium-resolution satellite images.,A,0,0,satellite.public_area_observation,mangrove_area,10,"Site-level protected-area / growth-area value; keep as regional remote-sensing statistic, not plot observation."
AREA-00052,SRC_LIT_FORESTS_HI_MANGROVE_RS_2023,"Using Medium-Resolution Remote Sensing Satellite Images to Evaluate Recent Changes and Future Development Trends of Mangrove Forests on Hainan Island, China",https://www.mdpi.com/1999-4907/14/11/2217,peer_reviewed_remote_sensing_table,REG_HI_PUQIAN,海南岛-铺前,SITE_AREA,2000,2000,2000,MANGROVE_AREA,mangrove_area,红树林面积,area_boundary,147.0,ha,Published Table 3 mangrove area interpreted from Landsat TM/ETM+/OLI medium-resolution satellite images.,A,0,0,satellite.public_area_observation,mangrove_area,10,"Site-level protected-area / growth-area value; keep as regional remote-sensing statistic, not plot observation."
AREA-00053,SRC_LIT_FORESTS_HI_MANGROVE_RS_2023,"Using Medium-Resolution Remote Sensing Satellite Images to Evaluate Recent Changes and Future Development Trends of Mangrove Forests on Hainan Island, China",https://www.mdpi.com/1999-4907/14/11/2217,peer_reviewed_remote_sensing_table,REG_HI_PUQIAN,海南岛-铺前,SITE_AREA,2005,2005,2005,MANGROVE_AREA,mangrove_area,红树林面积,area_boundary,145.0,ha,Published Table 3 mangrove area interpreted from Landsat TM/ETM+/OLI medium-resolution satellite images.,A,0,0,satellite.public_area_observation,mangrove_area,10,"Site-level protected-area / growth-area value; keep as regional remote-sensing statistic, not plot observation."
AREA-00054,SRC_LIT_FORESTS_HI_MANGROVE_RS_2023,"Using Medium-Resolution Remote Sensing Satellite Images to Evaluate Recent Changes and Future Development Trends of Mangrove Forests on Hainan Island, China",https://www.mdpi.com/1999-4907/14/11/2217,peer_reviewed_remote_sensing_table,REG_HI_PUQIAN,海南岛-铺前,SITE_AREA,2010,2010,2010,MANGROVE_AREA,mangrove_area,红树林面积,area_boundary,160.0,ha,Published Table 3 mangrove area interpreted from Landsat TM/ETM+/OLI medium-resolution satellite images.,A,0,0,satellite.public_area_observation,mangrove_area,10,"Site-level protected-area / growth-area value; keep as regional remote-sensing statistic, not plot observation."
AREA-00055,SRC_LIT_FORESTS_HI_MANGROVE_RS_2023,"Using Medium-Resolution Remote Sensing Satellite Images to Evaluate Recent Changes and Future Development Trends of Mangrove Forests on Hainan Island, China",https://www.mdpi.com/1999-4907/14/11/2217,peer_reviewed_remote_sensing_table,REG_HI_PUQIAN,海南岛-铺前,SITE_AREA,2015,2015,2015,MANGROVE_AREA,mangrove_area,红树林面积,area_boundary,138.0,ha,Published Table 3 mangrove area interpreted from Landsat TM/ETM+/OLI medium-resolution satellite images.,A,0,0,satellite.public_area_observation,mangrove_area,10,"Site-level protected-area / growth-area value; keep as regional remote-sensing statistic, not plot observation."
AREA-00056,SRC_LIT_FORESTS_HI_MANGROVE_RS_2023,"Using Medium-Resolution Remote Sensing Satellite Images to Evaluate Recent Changes and Future Development Trends of Mangrove Forests on Hainan Island, China",https://www.mdpi.com/1999-4907/14/11/2217,peer_reviewed_remote_sensing_table,REG_HI_PUQIAN,海南岛-铺前,SITE_AREA,2020,2020,2020,MANGROVE_AREA,mangrove_area,红树林面积,area_boundary,141.0,ha,Published Table 3 mangrove area interpreted from Landsat TM/ETM+/OLI medium-resolution satellite images.,A,0,0,satellite.public_area_observation,mangrove_area,10,"Site-level protected-area / growth-area value; keep as regional remote-sensing statistic, not plot observation."
AREA-00057,SRC_LIT_FORESTS_HI_MANGROVE_RS_2023,"Using Medium-Resolution Remote Sensing Satellite Images to Evaluate Recent Changes and Future Development Trends of Mangrove Forests on Hainan Island, China",https://www.mdpi.com/1999-4907/14/11/2217,peer_reviewed_remote_sensing_table,REG_HI_MANIAOGANG,海南岛-马袅港,SITE_AREA,1990,1990,1990,MANGROVE_AREA,mangrove_area,红树林面积,area_boundary,55.0,ha,Published Table 3 mangrove area interpreted from Landsat TM/ETM+/OLI medium-resolution satellite images.,A,0,0,satellite.public_area_observation,mangrove_area,10,"Site-level protected-area / growth-area value; keep as regional remote-sensing statistic, not plot observation."
AREA-00058,SRC_LIT_FORESTS_HI_MANGROVE_RS_2023,"Using Medium-Resolution Remote Sensing Satellite Images to Evaluate Recent Changes and Future Development Trends of Mangrove Forests on Hainan Island, China",https://www.mdpi.com/1999-4907/14/11/2217,peer_reviewed_remote_sensing_table,REG_HI_MANIAOGANG,海南岛-马袅港,SITE_AREA,1995,1995,1995,MANGROVE_AREA,mangrove_area,红树林面积,area_boundary,30.0,ha,Published Table 3 mangrove area interpreted from Landsat TM/ETM+/OLI medium-resolution satellite images.,A,0,0,satellite.public_area_observation,mangrove_area,10,"Site-level protected-area / growth-area value; keep as regional remote-sensing statistic, not plot observation."
AREA-00059,SRC_LIT_FORESTS_HI_MANGROVE_RS_2023,"Using Medium-Resolution Remote Sensing Satellite Images to Evaluate Recent Changes and Future Development Trends of Mangrove Forests on Hainan Island, China",https://www.mdpi.com/1999-4907/14/11/2217,peer_reviewed_remote_sensing_table,REG_HI_MANIAOGANG,海南岛-马袅港,SITE_AREA,2000,2000,2000,MANGROVE_AREA,mangrove_area,红树林面积,area_boundary,46.0,ha,Published Table 3 mangrove area interpreted from Landsat TM/ETM+/OLI medium-resolution satellite images.,A,0,0,satellite.public_area_observation,mangrove_area,10,"Site-level protected-area / growth-area value; keep as regional remote-sensing statistic, not plot observation."
AREA-00060,SRC_LIT_FORESTS_HI_MANGROVE_RS_2023,"Using Medium-Resolution Remote Sensing Satellite Images to Evaluate Recent Changes and Future Development Trends of Mangrove Forests on Hainan Island, China",https://www.mdpi.com/1999-4907/14/11/2217,peer_reviewed_remote_sensing_table,REG_HI_MANIAOGANG,海南岛-马袅港,SITE_AREA,2005,2005,2005,MANGROVE_AREA,mangrove_area,红树林面积,area_boundary,50.0,ha,Published Table 3 mangrove area interpreted from Landsat TM/ETM+/OLI medium-resolution satellite images.,A,0,0,satellite.public_area_observation,mangrove_area,10,"Site-level protected-area / growth-area value; keep as regional remote-sensing statistic, not plot observation."
AREA-00061,SRC_LIT_FORESTS_HI_MANGROVE_RS_2023,"Using Medium-Resolution Remote Sensing Satellite Images to Evaluate Recent Changes and Future Development Trends of Mangrove Forests on Hainan Island, China",https://www.mdpi.com/1999-4907/14/11/2217,peer_reviewed_remote_sensing_table,REG_HI_MANIAOGANG,海南岛-马袅港,SITE_AREA,2010,2010,2010,MANGROVE_AREA,mangrove_area,红树林面积,area_boundary,192.0,ha,Published Table 3 mangrove area interpreted from Landsat TM/ETM+/OLI medium-resolution satellite images.,A,0,0,satellite.public_area_observation,mangrove_area,10,"Site-level protected-area / growth-area value; keep as regional remote-sensing statistic, not plot observation."
AREA-00062,SRC_LIT_FORESTS_HI_MANGROVE_RS_2023,"Using Medium-Resolution Remote Sensing Satellite Images to Evaluate Recent Changes and Future Development Trends of Mangrove Forests on Hainan Island, China",https://www.mdpi.com/1999-4907/14/11/2217,peer_reviewed_remote_sensing_table,REG_HI_MANIAOGANG,海南岛-马袅港,SITE_AREA,2015,2015,2015,MANGROVE_AREA,mangrove_area,红树林面积,area_boundary,112.0,ha,Published Table 3 mangrove area interpreted from Landsat TM/ETM+/OLI medium-resolution satellite images.,A,0,0,satellite.public_area_observation,mangrove_area,10,"Site-level protected-area / growth-area value; keep as regional remote-sensing statistic, not plot observation."
AREA-00063,SRC_LIT_FORESTS_HI_MANGROVE_RS_2023,"Using Medium-Resolution Remote Sensing Satellite Images to Evaluate Recent Changes and Future Development Trends of Mangrove Forests on Hainan Island, China",https://www.mdpi.com/1999-4907/14/11/2217,peer_reviewed_remote_sensing_table,REG_HI_MANIAOGANG,海南岛-马袅港,SITE_AREA,2020,2020,2020,MANGROVE_AREA,mangrove_area,红树林面积,area_boundary,124.0,ha,Published Table 3 mangrove area interpreted from Landsat TM/ETM+/OLI medium-resolution satellite images.,A,0,0,satellite.public_area_observation,mangrove_area,10,"Site-level protected-area / growth-area value; keep as regional remote-sensing statistic, not plot observation."
AREA-00064,SRC_LIT_HI_GHG_2022,Incorporating coastal blue carbon into subnational greenhouse gas inventories,https://www.frontiersin.org/journals/marine-science/articles/10.3389/fmars.2022.932984/full,peer_reviewed_inventory_table,REG_HI,海南省,PROVINCE,2010,2010,2010,MANGROVE_AREA,mangrove_area,红树林面积,area_boundary,4190.7,ha,Published 2010 mangrove area compiled from high-resolution Google Earth imagery.,A,0,0,satellite.public_area_observation,mangrove_area,10,Province-level inventory area; compatible with display layer.
AREA-00065,SRC_LIT_HI_GHG_2022,Incorporating coastal blue carbon into subnational greenhouse gas inventories,https://www.frontiersin.org/journals/marine-science/articles/10.3389/fmars.2022.932984/full,peer_reviewed_inventory_table,REG_HI,海南省,PROVINCE,2020,2020,2020,MANGROVE_AREA,mangrove_area,红树林面积,area_boundary,4644.1,ha,Published 2020 mangrove area compiled from official vectorized survey.,A,0,0,satellite.public_area_observation,mangrove_area,10,Province-level inventory area; compatible with display layer.
AREA-00066,SRC_LIT_BAMEN_SOC_2022,Spatial Variation of Soil Organic Carbon from Bamen Bay Mangrove in Southern China,https://www.mdpi.com/2073-4441/14/20/3278,peer_reviewed_study_area_text,REG_WENCHANG_BAMEN_BAY,文昌八门湾自然保护区,PROTECTED_AREA,2022,2022,2022,MANGROVE_AREA,mangrove_area,红树林面积,area_boundary,1223.3,hm2,Published study-area description for Bamen Bay Nature Reserve.,A,0,0,satellite.public_area_observation,mangrove_area,10,Bamen Bay baseline area; same numeric magnitude as hectare because 1 hm2 = 1 ha.
AREA-00067,SRC_LIT_BAMEN_SOC_2022,Spatial Variation of Soil Organic Carbon from Bamen Bay Mangrove in Southern China,https://www.mdpi.com/2073-4441/14/20/3278,peer_reviewed_study_area_text,REG_WENCHANG_BAMEN_BAY,文昌八门湾自然保护区,PROTECTED_AREA,2022,2022,2022,PROTECTED_AREA_TOTAL_AREA,protected_area_total_area,保护区总面积,area_boundary,2948.0,hm2,Published study-area description for Bamen Bay Nature Reserve.,A,0,0,satellite.public_area_observation,mangrove_area,10,"Reserve extent context, retained separately from mangrove area."
AREA-00068,SRC_LIT_FORESTS_HI_MANGROVE_RS_2023,"Using Medium-Resolution Remote Sensing Satellite Images to Evaluate Recent Changes and Future Development Trends of Mangrove Forests on Hainan Island, China",https://www.mdpi.com/1999-4907/14/11/2217,derived_from_peer_reviewed_remote_sensing_table,REG_HI_DONGFANG,海南岛-东方,SITE_AREA,1990-1995,1990,1995,MANGROVE_AREA_CHANGE,mangrove_area_change,红树林面积变化量,area_boundary,12.0,ha,Difference of consecutive MDPI Forests 2023 Table 3 area values.,A,0,0,satellite.public_area_observation,mangrove_area,10,Derived change metric for frontend trend display.
AREA-00069,SRC_LIT_FORESTS_HI_MANGROVE_RS_2023,"Using Medium-Resolution Remote Sensing Satellite Images to Evaluate Recent Changes and Future Development Trends of Mangrove Forests on Hainan Island, China",https://www.mdpi.com/1999-4907/14/11/2217,derived_from_peer_reviewed_remote_sensing_table,REG_HI_DONGFANG,海南岛-东方,SITE_AREA,1995-2000,1995,2000,MANGROVE_AREA_CHANGE,mangrove_area_change,红树林面积变化量,area_boundary,-8.0,ha,Difference of consecutive MDPI Forests 2023 Table 3 area values.,A,0,0,satellite.public_area_observation,mangrove_area,10,Derived change metric for frontend trend display.
AREA-00070,SRC_LIT_FORESTS_HI_MANGROVE_RS_2023,"Using Medium-Resolution Remote Sensing Satellite Images to Evaluate Recent Changes and Future Development Trends of Mangrove Forests on Hainan Island, China",https://www.mdpi.com/1999-4907/14/11/2217,derived_from_peer_reviewed_remote_sensing_table,REG_HI_DONGFANG,海南岛-东方,SITE_AREA,2000-2005,2000,2005,MANGROVE_AREA_CHANGE,mangrove_area_change,红树林面积变化量,area_boundary,30.0,ha,Difference of consecutive MDPI Forests 2023 Table 3 area values.,A,0,0,satellite.public_area_observation,mangrove_area,10,Derived change metric for frontend trend display.
AREA-00071,SRC_LIT_FORESTS_HI_MANGROVE_RS_2023,"Using Medium-Resolution Remote Sensing Satellite Images to Evaluate Recent Changes and Future Development Trends of Mangrove Forests on Hainan Island, China",https://www.mdpi.com/1999-4907/14/11/2217,derived_from_peer_reviewed_remote_sensing_table,REG_HI_DONGFANG,海南岛-东方,SITE_AREA,2005-2010,2005,2010,MANGROVE_AREA_CHANGE,mangrove_area_change,红树林面积变化量,area_boundary,7.0,ha,Difference of consecutive MDPI Forests 2023 Table 3 area values.,A,0,0,satellite.public_area_observation,mangrove_area,10,Derived change metric for frontend trend display.
AREA-00072,SRC_LIT_FORESTS_HI_MANGROVE_RS_2023,"Using Medium-Resolution Remote Sensing Satellite Images to Evaluate Recent Changes and Future Development Trends of Mangrove Forests on Hainan Island, China",https://www.mdpi.com/1999-4907/14/11/2217,derived_from_peer_reviewed_remote_sensing_table,REG_HI_DONGFANG,海南岛-东方,SITE_AREA,2010-2015,2010,2015,MANGROVE_AREA_CHANGE,mangrove_area_change,红树林面积变化量,area_boundary,10.0,ha,Difference of consecutive MDPI Forests 2023 Table 3 area values.,A,0,0,satellite.public_area_observation,mangrove_area,10,Derived change metric for frontend trend display.
AREA-00073,SRC_LIT_FORESTS_HI_MANGROVE_RS_2023,"Using Medium-Resolution Remote Sensing Satellite Images to Evaluate Recent Changes and Future Development Trends of Mangrove Forests on Hainan Island, China",https://www.mdpi.com/1999-4907/14/11/2217,derived_from_peer_reviewed_remote_sensing_table,REG_HI_DONGFANG,海南岛-东方,SITE_AREA,2015-2020,2015,2020,MANGROVE_AREA_CHANGE,mangrove_area_change,红树林面积变化量,area_boundary,3.0,ha,Difference of consecutive MDPI Forests 2023 Table 3 area values.,A,0,0,satellite.public_area_observation,mangrove_area,10,Derived change metric for frontend trend display.
AREA-00074,SRC_LIT_FORESTS_HI_MANGROVE_RS_2023,"Using Medium-Resolution Remote Sensing Satellite Images to Evaluate Recent Changes and Future Development Trends of Mangrove Forests on Hainan Island, China",https://www.mdpi.com/1999-4907/14/11/2217,derived_from_peer_reviewed_remote_sensing_table,REG_HI_DONGFANG,海南岛-东方,SITE_AREA,1990-2020,1990,2020,MANGROVE_AREA_CHANGE,mangrove_area_change,红树林面积变化量,area_boundary,54.0,ha,Difference of first and last MDPI Forests 2023 Table 3 area values.,A,0,0,satellite.public_area_observation,mangrove_area,10,Long-period change metric for frontend summary.
AREA-00075,SRC_LIT_FORESTS_HI_MANGROVE_RS_2023,"Using Medium-Resolution Remote Sensing Satellite Images to Evaluate Recent Changes and Future Development Trends of Mangrove Forests on Hainan Island, China",https://www.mdpi.com/1999-4907/14/11/2217,derived_from_peer_reviewed_remote_sensing_table,REG_HI_DONGFANG,海南岛-东方,SITE_AREA,1990-2020,1990,2020,MANGROVE_AREA_CHANGE_RATE,mangrove_area_change_rate,红树林面积变化率,area_boundary,207.69230769230768,percent,(last_area - first_area) / first_area from MDPI Forests 2023 Table 3.,A,0,0,satellite.public_area_observation,mangrove_area,10,Long-period percentage change metric for frontend summary.
AREA-00076,SRC_LIT_FORESTS_HI_MANGROVE_RS_2023,"Using Medium-Resolution Remote Sensing Satellite Images to Evaluate Recent Changes and Future Development Trends of Mangrove Forests on Hainan Island, China",https://www.mdpi.com/1999-4907/14/11/2217,derived_from_peer_reviewed_remote_sensing_table,REG_HI_DONGZHAIGANG,海南岛-东寨港,SITE_AREA,1990-1995,1990,1995,MANGROVE_AREA_CHANGE,mangrove_area_change,红树林面积变化量,area_boundary,-75.0,ha,Difference of consecutive MDPI Forests 2023 Table 3 area values.,A,0,0,satellite.public_area_observation,mangrove_area,10,Derived change metric for frontend trend display.
AREA-00077,SRC_LIT_FORESTS_HI_MANGROVE_RS_2023,"Using Medium-Resolution Remote Sensing Satellite Images to Evaluate Recent Changes and Future Development Trends of Mangrove Forests on Hainan Island, China",https://www.mdpi.com/1999-4907/14/11/2217,derived_from_peer_reviewed_remote_sensing_table,REG_HI_DONGZHAIGANG,海南岛-东寨港,SITE_AREA,1995-2000,1995,2000,MANGROVE_AREA_CHANGE,mangrove_area_change,红树林面积变化量,area_boundary,124.0,ha,Difference of consecutive MDPI Forests 2023 Table 3 area values.,A,0,0,satellite.public_area_observation,mangrove_area,10,Derived change metric for frontend trend display.
AREA-00078,SRC_LIT_FORESTS_HI_MANGROVE_RS_2023,"Using Medium-Resolution Remote Sensing Satellite Images to Evaluate Recent Changes and Future Development Trends of Mangrove Forests on Hainan Island, China",https://www.mdpi.com/1999-4907/14/11/2217,derived_from_peer_reviewed_remote_sensing_table,REG_HI_DONGZHAIGANG,海南岛-东寨港,SITE_AREA,2000-2005,2000,2005,MANGROVE_AREA_CHANGE,mangrove_area_change,红树林面积变化量,area_boundary,59.0,ha,Difference of consecutive MDPI Forests 2023 Table 3 area values.,A,0,0,satellite.public_area_observation,mangrove_area,10,Derived change metric for frontend trend display.
AREA-00079,SRC_LIT_FORESTS_HI_MANGROVE_RS_2023,"Using Medium-Resolution Remote Sensing Satellite Images to Evaluate Recent Changes and Future Development Trends of Mangrove Forests on Hainan Island, China",https://www.mdpi.com/1999-4907/14/11/2217,derived_from_peer_reviewed_remote_sensing_table,REG_HI_DONGZHAIGANG,海南岛-东寨港,SITE_AREA,2005-2010,2005,2010,MANGROVE_AREA_CHANGE,mangrove_area_change,红树林面积变化量,area_boundary,64.0,ha,Difference of consecutive MDPI Forests 2023 Table 3 area values.,A,0,0,satellite.public_area_observation,mangrove_area,10,Derived change metric for frontend trend display.
AREA-00080,SRC_LIT_FORESTS_HI_MANGROVE_RS_2023,"Using Medium-Resolution Remote Sensing Satellite Images to Evaluate Recent Changes and Future Development Trends of Mangrove Forests on Hainan Island, China",https://www.mdpi.com/1999-4907/14/11/2217,derived_from_peer_reviewed_remote_sensing_table,REG_HI_DONGZHAIGANG,海南岛-东寨港,SITE_AREA,2010-2015,2010,2015,MANGROVE_AREA_CHANGE,mangrove_area_change,红树林面积变化量,area_boundary,-47.0,ha,Difference of consecutive MDPI Forests 2023 Table 3 area values.,A,0,0,satellite.public_area_observation,mangrove_area,10,Derived change metric for frontend trend display.
AREA-00081,SRC_LIT_FORESTS_HI_MANGROVE_RS_2023,"Using Medium-Resolution Remote Sensing Satellite Images to Evaluate Recent Changes and Future Development Trends of Mangrove Forests on Hainan Island, China",https://www.mdpi.com/1999-4907/14/11/2217,derived_from_peer_reviewed_remote_sensing_table,REG_HI_DONGZHAIGANG,海南岛-东寨港,SITE_AREA,2015-2020,2015,2020,MANGROVE_AREA_CHANGE,mangrove_area_change,红树林面积变化量,area_boundary,11.0,ha,Difference of consecutive MDPI Forests 2023 Table 3 area values.,A,0,0,satellite.public_area_observation,mangrove_area,10,Derived change metric for frontend trend display.
AREA-00082,SRC_LIT_FORESTS_HI_MANGROVE_RS_2023,"Using Medium-Resolution Remote Sensing Satellite Images to Evaluate Recent Changes and Future Development Trends of Mangrove Forests on Hainan Island, China",https://www.mdpi.com/1999-4907/14/11/2217,derived_from_peer_reviewed_remote_sensing_table,REG_HI_DONGZHAIGANG,海南岛-东寨港,SITE_AREA,1990-2020,1990,2020,MANGROVE_AREA_CHANGE,mangrove_area_change,红树林面积变化量,area_boundary,136.0,ha,Difference of first and last MDPI Forests 2023 Table 3 area values.,A,0,0,satellite.public_area_observation,mangrove_area,10,Long-period change metric for frontend summary.
AREA-00083,SRC_LIT_FORESTS_HI_MANGROVE_RS_2023,"Using Medium-Resolution Remote Sensing Satellite Images to Evaluate Recent Changes and Future Development Trends of Mangrove Forests on Hainan Island, China",https://www.mdpi.com/1999-4907/14/11/2217,derived_from_peer_reviewed_remote_sensing_table,REG_HI_DONGZHAIGANG,海南岛-东寨港,SITE_AREA,1990-2020,1990,2020,MANGROVE_AREA_CHANGE_RATE,mangrove_area_change_rate,红树林面积变化率,area_boundary,8.421052631578947,percent,(last_area - first_area) / first_area from MDPI Forests 2023 Table 3.,A,0,0,satellite.public_area_observation,mangrove_area,10,Long-period percentage change metric for frontend summary.
AREA-00084,SRC_LIT_FORESTS_HI_MANGROVE_RS_2023,"Using Medium-Resolution Remote Sensing Satellite Images to Evaluate Recent Changes and Future Development Trends of Mangrove Forests on Hainan Island, China",https://www.mdpi.com/1999-4907/14/11/2217,derived_from_peer_reviewed_remote_sensing_table,REG_HI_GUANNAN,海南岛-冠南,SITE_AREA,1990-1995,1990,1995,MANGROVE_AREA_CHANGE,mangrove_area_change,红树林面积变化量,area_boundary,-36.0,ha,Difference of consecutive MDPI Forests 2023 Table 3 area values.,A,0,0,satellite.public_area_observation,mangrove_area,10,Derived change metric for frontend trend display.
AREA-00085,SRC_LIT_FORESTS_HI_MANGROVE_RS_2023,"Using Medium-Resolution Remote Sensing Satellite Images to Evaluate Recent Changes and Future Development Trends of Mangrove Forests on Hainan Island, China",https://www.mdpi.com/1999-4907/14/11/2217,derived_from_peer_reviewed_remote_sensing_table,REG_HI_GUANNAN,海南岛-冠南,SITE_AREA,1995-2000,1995,2000,MANGROVE_AREA_CHANGE,mangrove_area_change,红树林面积变化量,area_boundary,2.0,ha,Difference of consecutive MDPI Forests 2023 Table 3 area values.,A,0,0,satellite.public_area_observation,mangrove_area,10,Derived change metric for frontend trend display.
AREA-00086,SRC_LIT_FORESTS_HI_MANGROVE_RS_2023,"Using Medium-Resolution Remote Sensing Satellite Images to Evaluate Recent Changes and Future Development Trends of Mangrove Forests on Hainan Island, China",https://www.mdpi.com/1999-4907/14/11/2217,derived_from_peer_reviewed_remote_sensing_table,REG_HI_GUANNAN,海南岛-冠南,SITE_AREA,2000-2005,2000,2005,MANGROVE_AREA_CHANGE,mangrove_area_change,红树林面积变化量,area_boundary,-19.0,ha,Difference of consecutive MDPI Forests 2023 Table 3 area values.,A,0,0,satellite.public_area_observation,mangrove_area,10,Derived change metric for frontend trend display.
AREA-00087,SRC_LIT_FORESTS_HI_MANGROVE_RS_2023,"Using Medium-Resolution Remote Sensing Satellite Images to Evaluate Recent Changes and Future Development Trends of Mangrove Forests on Hainan Island, China",https://www.mdpi.com/1999-4907/14/11/2217,derived_from_peer_reviewed_remote_sensing_table,REG_HI_GUANNAN,海南岛-冠南,SITE_AREA,2005-2010,2005,2010,MANGROVE_AREA_CHANGE,mangrove_area_change,红树林面积变化量,area_boundary,-1.0,ha,Difference of consecutive MDPI Forests 2023 Table 3 area values.,A,0,0,satellite.public_area_observation,mangrove_area,10,Derived change metric for frontend trend display.
AREA-00088,SRC_LIT_FORESTS_HI_MANGROVE_RS_2023,"Using Medium-Resolution Remote Sensing Satellite Images to Evaluate Recent Changes and Future Development Trends of Mangrove Forests on Hainan Island, China",https://www.mdpi.com/1999-4907/14/11/2217,derived_from_peer_reviewed_remote_sensing_table,REG_HI_GUANNAN,海南岛-冠南,SITE_AREA,2010-2015,2010,2015,MANGROVE_AREA_CHANGE,mangrove_area_change,红树林面积变化量,area_boundary,-17.0,ha,Difference of consecutive MDPI Forests 2023 Table 3 area values.,A,0,0,satellite.public_area_observation,mangrove_area,10,Derived change metric for frontend trend display.
AREA-00089,SRC_LIT_FORESTS_HI_MANGROVE_RS_2023,"Using Medium-Resolution Remote Sensing Satellite Images to Evaluate Recent Changes and Future Development Trends of Mangrove Forests on Hainan Island, China",https://www.mdpi.com/1999-4907/14/11/2217,derived_from_peer_reviewed_remote_sensing_table,REG_HI_GUANNAN,海南岛-冠南,SITE_AREA,2015-2020,2015,2020,MANGROVE_AREA_CHANGE,mangrove_area_change,红树林面积变化量,area_boundary,11.0,ha,Difference of consecutive MDPI Forests 2023 Table 3 area values.,A,0,0,satellite.public_area_observation,mangrove_area,10,Derived change metric for frontend trend display.
AREA-00090,SRC_LIT_FORESTS_HI_MANGROVE_RS_2023,"Using Medium-Resolution Remote Sensing Satellite Images to Evaluate Recent Changes and Future Development Trends of Mangrove Forests on Hainan Island, China",https://www.mdpi.com/1999-4907/14/11/2217,derived_from_peer_reviewed_remote_sensing_table,REG_HI_GUANNAN,海南岛-冠南,SITE_AREA,1990-2020,1990,2020,MANGROVE_AREA_CHANGE,mangrove_area_change,红树林面积变化量,area_boundary,-60.0,ha,Difference of first and last MDPI Forests 2023 Table 3 area values.,A,0,0,satellite.public_area_observation,mangrove_area,10,Long-period change metric for frontend summary.
AREA-00091,SRC_LIT_FORESTS_HI_MANGROVE_RS_2023,"Using Medium-Resolution Remote Sensing Satellite Images to Evaluate Recent Changes and Future Development Trends of Mangrove Forests on Hainan Island, China",https://www.mdpi.com/1999-4907/14/11/2217,derived_from_peer_reviewed_remote_sensing_table,REG_HI_GUANNAN,海南岛-冠南,SITE_AREA,1990-2020,1990,2020,MANGROVE_AREA_CHANGE_RATE,mangrove_area_change_rate,红树林面积变化率,area_boundary,-26.431718061674008,percent,(last_area - first_area) / first_area from MDPI Forests 2023 Table 3.,A,0,0,satellite.public_area_observation,mangrove_area,10,Long-period percentage change metric for frontend summary.
AREA-00092,SRC_LIT_FORESTS_HI_MANGROVE_RS_2023,"Using Medium-Resolution Remote Sensing Satellite Images to Evaluate Recent Changes and Future Development Trends of Mangrove Forests on Hainan Island, China",https://www.mdpi.com/1999-4907/14/11/2217,derived_from_peer_reviewed_remote_sensing_table,REG_HI_HUACHANGWAN,海南岛-花场湾,SITE_AREA,1990-1995,1990,1995,MANGROVE_AREA_CHANGE,mangrove_area_change,红树林面积变化量,area_boundary,-55.0,ha,Difference of consecutive MDPI Forests 2023 Table 3 area values.,A,0,0,satellite.public_area_observation,mangrove_area,10,Derived change metric for frontend trend display.
AREA-00093,SRC_LIT_FORESTS_HI_MANGROVE_RS_2023,"Using Medium-Resolution Remote Sensing Satellite Images to Evaluate Recent Changes and Future Development Trends of Mangrove Forests on Hainan Island, China",https://www.mdpi.com/1999-4907/14/11/2217,derived_from_peer_reviewed_remote_sensing_table,REG_HI_HUACHANGWAN,海南岛-花场湾,SITE_AREA,1995-2000,1995,2000,MANGROVE_AREA_CHANGE,mangrove_area_change,红树林面积变化量,area_boundary,-66.0,ha,Difference of consecutive MDPI Forests 2023 Table 3 area values.,A,0,0,satellite.public_area_observation,mangrove_area,10,Derived change metric for frontend trend display.
AREA-00094,SRC_LIT_FORESTS_HI_MANGROVE_RS_2023,"Using Medium-Resolution Remote Sensing Satellite Images to Evaluate Recent Changes and Future Development Trends of Mangrove Forests on Hainan Island, China",https://www.mdpi.com/1999-4907/14/11/2217,derived_from_peer_reviewed_remote_sensing_table,REG_HI_HUACHANGWAN,海南岛-花场湾,SITE_AREA,2000-2005,2000,2005,MANGROVE_AREA_CHANGE,mangrove_area_change,红树林面积变化量,area_boundary,-14.0,ha,Difference of consecutive MDPI Forests 2023 Table 3 area values.,A,0,0,satellite.public_area_observation,mangrove_area,10,Derived change metric for frontend trend display.
AREA-00095,SRC_LIT_FORESTS_HI_MANGROVE_RS_2023,"Using Medium-Resolution Remote Sensing Satellite Images to Evaluate Recent Changes and Future Development Trends of Mangrove Forests on Hainan Island, China",https://www.mdpi.com/1999-4907/14/11/2217,derived_from_peer_reviewed_remote_sensing_table,REG_HI_HUACHANGWAN,海南岛-花场湾,SITE_AREA,2005-2010,2005,2010,MANGROVE_AREA_CHANGE,mangrove_area_change,红树林面积变化量,area_boundary,147.0,ha,Difference of consecutive MDPI Forests 2023 Table 3 area values.,A,0,0,satellite.public_area_observation,mangrove_area,10,Derived change metric for frontend trend display.
AREA-00096,SRC_LIT_FORESTS_HI_MANGROVE_RS_2023,"Using Medium-Resolution Remote Sensing Satellite Images to Evaluate Recent Changes and Future Development Trends of Mangrove Forests on Hainan Island, China",https://www.mdpi.com/1999-4907/14/11/2217,derived_from_peer_reviewed_remote_sensing_table,REG_HI_HUACHANGWAN,海南岛-花场湾,SITE_AREA,2010-2015,2010,2015,MANGROVE_AREA_CHANGE,mangrove_area_change,红树林面积变化量,area_boundary,-33.0,ha,Difference of consecutive MDPI Forests 2023 Table 3 area values.,A,0,0,satellite.public_area_observation,mangrove_area,10,Derived change metric for frontend trend display.
AREA-00097,SRC_LIT_FORESTS_HI_MANGROVE_RS_2023,"Using Medium-Resolution Remote Sensing Satellite Images to Evaluate Recent Changes and Future Development Trends of Mangrove Forests on Hainan Island, China",https://www.mdpi.com/1999-4907/14/11/2217,derived_from_peer_reviewed_remote_sensing_table,REG_HI_HUACHANGWAN,海南岛-花场湾,SITE_AREA,2015-2020,2015,2020,MANGROVE_AREA_CHANGE,mangrove_area_change,红树林面积变化量,area_boundary,-7.0,ha,Difference of consecutive MDPI Forests 2023 Table 3 area values.,A,0,0,satellite.public_area_observation,mangrove_area,10,Derived change metric for frontend trend display.
AREA-00098,SRC_LIT_FORESTS_HI_MANGROVE_RS_2023,"Using Medium-Resolution Remote Sensing Satellite Images to Evaluate Recent Changes and Future Development Trends of Mangrove Forests on Hainan Island, China",https://www.mdpi.com/1999-4907/14/11/2217,derived_from_peer_reviewed_remote_sensing_table,REG_HI_HUACHANGWAN,海南岛-花场湾,SITE_AREA,1990-2020,1990,2020,MANGROVE_AREA_CHANGE,mangrove_area_change,红树林面积变化量,area_boundary,-28.0,ha,Difference of first and last MDPI Forests 2023 Table 3 area values.,A,0,0,satellite.public_area_observation,mangrove_area,10,Long-period change metric for frontend summary.
AREA-00099,SRC_LIT_FORESTS_HI_MANGROVE_RS_2023,"Using Medium-Resolution Remote Sensing Satellite Images to Evaluate Recent Changes and Future Development Trends of Mangrove Forests on Hainan Island, China",https://www.mdpi.com/1999-4907/14/11/2217,derived_from_peer_reviewed_remote_sensing_table,REG_HI_HUACHANGWAN,海南岛-花场湾,SITE_AREA,1990-2020,1990,2020,MANGROVE_AREA_CHANGE_RATE,mangrove_area_change_rate,红树林面积变化率,area_boundary,-7.887323943661972,percent,(last_area - first_area) / first_area from MDPI Forests 2023 Table 3.,A,0,0,satellite.public_area_observation,mangrove_area,10,Long-period percentage change metric for frontend summary.
AREA-00100,SRC_LIT_FORESTS_HI_MANGROVE_RS_2023,"Using Medium-Resolution Remote Sensing Satellite Images to Evaluate Recent Changes and Future Development Trends of Mangrove Forests on Hainan Island, China",https://www.mdpi.com/1999-4907/14/11/2217,derived_from_peer_reviewed_remote_sensing_table,REG_HI_HUIWEN,海南岛-会文,SITE_AREA,1990-1995,1990,1995,MANGROVE_AREA_CHANGE,mangrove_area_change,红树林面积变化量,area_boundary,-66.0,ha,Difference of consecutive MDPI Forests 2023 Table 3 area values.,A,0,0,satellite.public_area_observation,mangrove_area,10,Derived change metric for frontend trend display.
AREA-00101,SRC_LIT_FORESTS_HI_MANGROVE_RS_2023,"Using Medium-Resolution Remote Sensing Satellite Images to Evaluate Recent Changes and Future Development Trends of Mangrove Forests on Hainan Island, China",https://www.mdpi.com/1999-4907/14/11/2217,derived_from_peer_reviewed_remote_sensing_table,REG_HI_HUIWEN,海南岛-会文,SITE_AREA,1995-2000,1995,2000,MANGROVE_AREA_CHANGE,mangrove_area_change,红树林面积变化量,area_boundary,-172.0,ha,Difference of consecutive MDPI Forests 2023 Table 3 area values.,A,0,0,satellite.public_area_observation,mangrove_area,10,Derived change metric for frontend trend display.
AREA-00102,SRC_LIT_FORESTS_HI_MANGROVE_RS_2023,"Using Medium-Resolution Remote Sensing Satellite Images to Evaluate Recent Changes and Future Development Trends of Mangrove Forests on Hainan Island, China",https://www.mdpi.com/1999-4907/14/11/2217,derived_from_peer_reviewed_remote_sensing_table,REG_HI_HUIWEN,海南岛-会文,SITE_AREA,2000-2005,2000,2005,MANGROVE_AREA_CHANGE,mangrove_area_change,红树林面积变化量,area_boundary,9.0,ha,Difference of consecutive MDPI Forests 2023 Table 3 area values.,A,0,0,satellite.public_area_observation,mangrove_area,10,Derived change metric for frontend trend display.
AREA-00103,SRC_LIT_FORESTS_HI_MANGROVE_RS_2023,"Using Medium-Resolution Remote Sensing Satellite Images to Evaluate Recent Changes and Future Development Trends of Mangrove Forests on Hainan Island, China",https://www.mdpi.com/1999-4907/14/11/2217,derived_from_peer_reviewed_remote_sensing_table,REG_HI_HUIWEN,海南岛-会文,SITE_AREA,2005-2010,2005,2010,MANGROVE_AREA_CHANGE,mangrove_area_change,红树林面积变化量,area_boundary,43.0,ha,Difference of consecutive MDPI Forests 2023 Table 3 area values.,A,0,0,satellite.public_area_observation,mangrove_area,10,Derived change metric for frontend trend display.
AREA-00104,SRC_LIT_FORESTS_HI_MANGROVE_RS_2023,"Using Medium-Resolution Remote Sensing Satellite Images to Evaluate Recent Changes and Future Development Trends of Mangrove Forests on Hainan Island, China",https://www.mdpi.com/1999-4907/14/11/2217,derived_from_peer_reviewed_remote_sensing_table,REG_HI_HUIWEN,海南岛-会文,SITE_AREA,2010-2015,2010,2015,MANGROVE_AREA_CHANGE,mangrove_area_change,红树林面积变化量,area_boundary,9.0,ha,Difference of consecutive MDPI Forests 2023 Table 3 area values.,A,0,0,satellite.public_area_observation,mangrove_area,10,Derived change metric for frontend trend display.
AREA-00105,SRC_LIT_FORESTS_HI_MANGROVE_RS_2023,"Using Medium-Resolution Remote Sensing Satellite Images to Evaluate Recent Changes and Future Development Trends of Mangrove Forests on Hainan Island, China",https://www.mdpi.com/1999-4907/14/11/2217,derived_from_peer_reviewed_remote_sensing_table,REG_HI_HUIWEN,海南岛-会文,SITE_AREA,2015-2020,2015,2020,MANGROVE_AREA_CHANGE,mangrove_area_change,红树林面积变化量,area_boundary,26.0,ha,Difference of consecutive MDPI Forests 2023 Table 3 area values.,A,0,0,satellite.public_area_observation,mangrove_area,10,Derived change metric for frontend trend display.
AREA-00106,SRC_LIT_FORESTS_HI_MANGROVE_RS_2023,"Using Medium-Resolution Remote Sensing Satellite Images to Evaluate Recent Changes and Future Development Trends of Mangrove Forests on Hainan Island, China",https://www.mdpi.com/1999-4907/14/11/2217,derived_from_peer_reviewed_remote_sensing_table,REG_HI_HUIWEN,海南岛-会文,SITE_AREA,1990-2020,1990,2020,MANGROVE_AREA_CHANGE,mangrove_area_change,红树林面积变化量,area_boundary,-151.0,ha,Difference of first and last MDPI Forests 2023 Table 3 area values.,A,0,0,satellite.public_area_observation,mangrove_area,10,Long-period change metric for frontend summary.
AREA-00107,SRC_LIT_FORESTS_HI_MANGROVE_RS_2023,"Using Medium-Resolution Remote Sensing Satellite Images to Evaluate Recent Changes and Future Development Trends of Mangrove Forests on Hainan Island, China",https://www.mdpi.com/1999-4907/14/11/2217,derived_from_peer_reviewed_remote_sensing_table,REG_HI_HUIWEN,海南岛-会文,SITE_AREA,1990-2020,1990,2020,MANGROVE_AREA_CHANGE_RATE,mangrove_area_change_rate,红树林面积变化率,area_boundary,-14.312796208530806,percent,(last_area - first_area) / first_area from MDPI Forests 2023 Table 3.,A,0,0,satellite.public_area_observation,mangrove_area,10,Long-period percentage change metric for frontend summary.
AREA-00108,SRC_LIT_FORESTS_HI_MANGROVE_RS_2023,"Using Medium-Resolution Remote Sensing Satellite Images to Evaluate Recent Changes and Future Development Trends of Mangrove Forests on Hainan Island, China",https://www.mdpi.com/1999-4907/14/11/2217,derived_from_peer_reviewed_remote_sensing_table,REG_HI_MANIAOGANG,海南岛-马袅港,SITE_AREA,1990-1995,1990,1995,MANGROVE_AREA_CHANGE,mangrove_area_change,红树林面积变化量,area_boundary,-25.0,ha,Difference of consecutive MDPI Forests 2023 Table 3 area values.,A,0,0,satellite.public_area_observation,mangrove_area,10,Derived change metric for frontend trend display.
AREA-00109,SRC_LIT_FORESTS_HI_MANGROVE_RS_2023,"Using Medium-Resolution Remote Sensing Satellite Images to Evaluate Recent Changes and Future Development Trends of Mangrove Forests on Hainan Island, China",https://www.mdpi.com/1999-4907/14/11/2217,derived_from_peer_reviewed_remote_sensing_table,REG_HI_MANIAOGANG,海南岛-马袅港,SITE_AREA,1995-2000,1995,2000,MANGROVE_AREA_CHANGE,mangrove_area_change,红树林面积变化量,area_boundary,16.0,ha,Difference of consecutive MDPI Forests 2023 Table 3 area values.,A,0,0,satellite.public_area_observation,mangrove_area,10,Derived change metric for frontend trend display.
AREA-00110,SRC_LIT_FORESTS_HI_MANGROVE_RS_2023,"Using Medium-Resolution Remote Sensing Satellite Images to Evaluate Recent Changes and Future Development Trends of Mangrove Forests on Hainan Island, China",https://www.mdpi.com/1999-4907/14/11/2217,derived_from_peer_reviewed_remote_sensing_table,REG_HI_MANIAOGANG,海南岛-马袅港,SITE_AREA,2000-2005,2000,2005,MANGROVE_AREA_CHANGE,mangrove_area_change,红树林面积变化量,area_boundary,4.0,ha,Difference of consecutive MDPI Forests 2023 Table 3 area values.,A,0,0,satellite.public_area_observation,mangrove_area,10,Derived change metric for frontend trend display.
AREA-00111,SRC_LIT_FORESTS_HI_MANGROVE_RS_2023,"Using Medium-Resolution Remote Sensing Satellite Images to Evaluate Recent Changes and Future Development Trends of Mangrove Forests on Hainan Island, China",https://www.mdpi.com/1999-4907/14/11/2217,derived_from_peer_reviewed_remote_sensing_table,REG_HI_MANIAOGANG,海南岛-马袅港,SITE_AREA,2005-2010,2005,2010,MANGROVE_AREA_CHANGE,mangrove_area_change,红树林面积变化量,area_boundary,142.0,ha,Difference of consecutive MDPI Forests 2023 Table 3 area values.,A,0,0,satellite.public_area_observation,mangrove_area,10,Derived change metric for frontend trend display.
AREA-00112,SRC_LIT_FORESTS_HI_MANGROVE_RS_2023,"Using Medium-Resolution Remote Sensing Satellite Images to Evaluate Recent Changes and Future Development Trends of Mangrove Forests on Hainan Island, China",https://www.mdpi.com/1999-4907/14/11/2217,derived_from_peer_reviewed_remote_sensing_table,REG_HI_MANIAOGANG,海南岛-马袅港,SITE_AREA,2010-2015,2010,2015,MANGROVE_AREA_CHANGE,mangrove_area_change,红树林面积变化量,area_boundary,-80.0,ha,Difference of consecutive MDPI Forests 2023 Table 3 area values.,A,0,0,satellite.public_area_observation,mangrove_area,10,Derived change metric for frontend trend display.
AREA-00113,SRC_LIT_FORESTS_HI_MANGROVE_RS_2023,"Using Medium-Resolution Remote Sensing Satellite Images to Evaluate Recent Changes and Future Development Trends of Mangrove Forests on Hainan Island, China",https://www.mdpi.com/1999-4907/14/11/2217,derived_from_peer_reviewed_remote_sensing_table,REG_HI_MANIAOGANG,海南岛-马袅港,SITE_AREA,2015-2020,2015,2020,MANGROVE_AREA_CHANGE,mangrove_area_change,红树林面积变化量,area_boundary,12.0,ha,Difference of consecutive MDPI Forests 2023 Table 3 area values.,A,0,0,satellite.public_area_observation,mangrove_area,10,Derived change metric for frontend trend display.
AREA-00114,SRC_LIT_FORESTS_HI_MANGROVE_RS_2023,"Using Medium-Resolution Remote Sensing Satellite Images to Evaluate Recent Changes and Future Development Trends of Mangrove Forests on Hainan Island, China",https://www.mdpi.com/1999-4907/14/11/2217,derived_from_peer_reviewed_remote_sensing_table,REG_HI_MANIAOGANG,海南岛-马袅港,SITE_AREA,1990-2020,1990,2020,MANGROVE_AREA_CHANGE,mangrove_area_change,红树林面积变化量,area_boundary,69.0,ha,Difference of first and last MDPI Forests 2023 Table 3 area values.,A,0,0,satellite.public_area_observation,mangrove_area,10,Long-period change metric for frontend summary.
AREA-00115,SRC_LIT_FORESTS_HI_MANGROVE_RS_2023,"Using Medium-Resolution Remote Sensing Satellite Images to Evaluate Recent Changes and Future Development Trends of Mangrove Forests on Hainan Island, China",https://www.mdpi.com/1999-4907/14/11/2217,derived_from_peer_reviewed_remote_sensing_table,REG_HI_MANIAOGANG,海南岛-马袅港,SITE_AREA,1990-2020,1990,2020,MANGROVE_AREA_CHANGE_RATE,mangrove_area_change_rate,红树林面积变化率,area_boundary,125.45454545454544,percent,(last_area - first_area) / first_area from MDPI Forests 2023 Table 3.,A,0,0,satellite.public_area_observation,mangrove_area,10,Long-period percentage change metric for frontend summary.
AREA-00116,SRC_LIT_FORESTS_HI_MANGROVE_RS_2023,"Using Medium-Resolution Remote Sensing Satellite Images to Evaluate Recent Changes and Future Development Trends of Mangrove Forests on Hainan Island, China",https://www.mdpi.com/1999-4907/14/11/2217,derived_from_peer_reviewed_remote_sensing_table,REG_HI_PUQIAN,海南岛-铺前,SITE_AREA,1990-1995,1990,1995,MANGROVE_AREA_CHANGE,mangrove_area_change,红树林面积变化量,area_boundary,-3.0,ha,Difference of consecutive MDPI Forests 2023 Table 3 area values.,A,0,0,satellite.public_area_observation,mangrove_area,10,Derived change metric for frontend trend display.
AREA-00117,SRC_LIT_FORESTS_HI_MANGROVE_RS_2023,"Using Medium-Resolution Remote Sensing Satellite Images to Evaluate Recent Changes and Future Development Trends of Mangrove Forests on Hainan Island, China",https://www.mdpi.com/1999-4907/14/11/2217,derived_from_peer_reviewed_remote_sensing_table,REG_HI_PUQIAN,海南岛-铺前,SITE_AREA,1995-2000,1995,2000,MANGROVE_AREA_CHANGE,mangrove_area_change,红树林面积变化量,area_boundary,-20.0,ha,Difference of consecutive MDPI Forests 2023 Table 3 area values.,A,0,0,satellite.public_area_observation,mangrove_area,10,Derived change metric for frontend trend display.
AREA-00118,SRC_LIT_FORESTS_HI_MANGROVE_RS_2023,"Using Medium-Resolution Remote Sensing Satellite Images to Evaluate Recent Changes and Future Development Trends of Mangrove Forests on Hainan Island, China",https://www.mdpi.com/1999-4907/14/11/2217,derived_from_peer_reviewed_remote_sensing_table,REG_HI_PUQIAN,海南岛-铺前,SITE_AREA,2000-2005,2000,2005,MANGROVE_AREA_CHANGE,mangrove_area_change,红树林面积变化量,area_boundary,-2.0,ha,Difference of consecutive MDPI Forests 2023 Table 3 area values.,A,0,0,satellite.public_area_observation,mangrove_area,10,Derived change metric for frontend trend display.
AREA-00119,SRC_LIT_FORESTS_HI_MANGROVE_RS_2023,"Using Medium-Resolution Remote Sensing Satellite Images to Evaluate Recent Changes and Future Development Trends of Mangrove Forests on Hainan Island, China",https://www.mdpi.com/1999-4907/14/11/2217,derived_from_peer_reviewed_remote_sensing_table,REG_HI_PUQIAN,海南岛-铺前,SITE_AREA,2005-2010,2005,2010,MANGROVE_AREA_CHANGE,mangrove_area_change,红树林面积变化量,area_boundary,15.0,ha,Difference of consecutive MDPI Forests 2023 Table 3 area values.,A,0,0,satellite.public_area_observation,mangrove_area,10,Derived change metric for frontend trend display.
AREA-00120,SRC_LIT_FORESTS_HI_MANGROVE_RS_2023,"Using Medium-Resolution Remote Sensing Satellite Images to Evaluate Recent Changes and Future Development Trends of Mangrove Forests on Hainan Island, China",https://www.mdpi.com/1999-4907/14/11/2217,derived_from_peer_reviewed_remote_sensing_table,REG_HI_PUQIAN,海南岛-铺前,SITE_AREA,2010-2015,2010,2015,MANGROVE_AREA_CHANGE,mangrove_area_change,红树林面积变化量,area_boundary,-22.0,ha,Difference of consecutive MDPI Forests 2023 Table 3 area values.,A,0,0,satellite.public_area_observation,mangrove_area,10,Derived change metric for frontend trend display.
AREA-00121,SRC_LIT_FORESTS_HI_MANGROVE_RS_2023,"Using Medium-Resolution Remote Sensing Satellite Images to Evaluate Recent Changes and Future Development Trends of Mangrove Forests on Hainan Island, China",https://www.mdpi.com/1999-4907/14/11/2217,derived_from_peer_reviewed_remote_sensing_table,REG_HI_PUQIAN,海南岛-铺前,SITE_AREA,2015-2020,2015,2020,MANGROVE_AREA_CHANGE,mangrove_area_change,红树林面积变化量,area_boundary,3.0,ha,Difference of consecutive MDPI Forests 2023 Table 3 area values.,A,0,0,satellite.public_area_observation,mangrove_area,10,Derived change metric for frontend trend display.
AREA-00122,SRC_LIT_FORESTS_HI_MANGROVE_RS_2023,"Using Medium-Resolution Remote Sensing Satellite Images to Evaluate Recent Changes and Future Development Trends of Mangrove Forests on Hainan Island, China",https://www.mdpi.com/1999-4907/14/11/2217,derived_from_peer_reviewed_remote_sensing_table,REG_HI_PUQIAN,海南岛-铺前,SITE_AREA,1990-2020,1990,2020,MANGROVE_AREA_CHANGE,mangrove_area_change,红树林面积变化量,area_boundary,-29.0,ha,Difference of first and last MDPI Forests 2023 Table 3 area values.,A,0,0,satellite.public_area_observation,mangrove_area,10,Long-period change metric for frontend summary.
AREA-00123,SRC_LIT_FORESTS_HI_MANGROVE_RS_2023,"Using Medium-Resolution Remote Sensing Satellite Images to Evaluate Recent Changes and Future Development Trends of Mangrove Forests on Hainan Island, China",https://www.mdpi.com/1999-4907/14/11/2217,derived_from_peer_reviewed_remote_sensing_table,REG_HI_PUQIAN,海南岛-铺前,SITE_AREA,1990-2020,1990,2020,MANGROVE_AREA_CHANGE_RATE,mangrove_area_change_rate,红树林面积变化率,area_boundary,-17.058823529411764,percent,(last_area - first_area) / first_area from MDPI Forests 2023 Table 3.,A,0,0,satellite.public_area_observation,mangrove_area,10,Long-period percentage change metric for frontend summary.
AREA-00124,SRC_LIT_FORESTS_HI_MANGROVE_RS_2023,"Using Medium-Resolution Remote Sensing Satellite Images to Evaluate Recent Changes and Future Development Trends of Mangrove Forests on Hainan Island, China",https://www.mdpi.com/1999-4907/14/11/2217,derived_from_peer_reviewed_remote_sensing_table,REG_HI_XINYINGGANG,海南岛-新英港,SITE_AREA,1990-1995,1990,1995,MANGROVE_AREA_CHANGE,mangrove_area_change,红树林面积变化量,area_boundary,-27.0,ha,Difference of consecutive MDPI Forests 2023 Table 3 area values.,A,0,0,satellite.public_area_observation,mangrove_area,10,Derived change metric for frontend trend display.
AREA-00125,SRC_LIT_FORESTS_HI_MANGROVE_RS_2023,"Using Medium-Resolution Remote Sensing Satellite Images to Evaluate Recent Changes and Future Development Trends of Mangrove Forests on Hainan Island, China",https://www.mdpi.com/1999-4907/14/11/2217,derived_from_peer_reviewed_remote_sensing_table,REG_HI_XINYINGGANG,海南岛-新英港,SITE_AREA,1995-2000,1995,2000,MANGROVE_AREA_CHANGE,mangrove_area_change,红树林面积变化量,area_boundary,-12.0,ha,Difference of consecutive MDPI Forests 2023 Table 3 area values.,A,0,0,satellite.public_area_observation,mangrove_area,10,Derived change metric for frontend trend display.
AREA-00126,SRC_LIT_FORESTS_HI_MANGROVE_RS_2023,"Using Medium-Resolution Remote Sensing Satellite Images to Evaluate Recent Changes and Future Development Trends of Mangrove Forests on Hainan Island, China",https://www.mdpi.com/1999-4907/14/11/2217,derived_from_peer_reviewed_remote_sensing_table,REG_HI_XINYINGGANG,海南岛-新英港,SITE_AREA,2000-2005,2000,2005,MANGROVE_AREA_CHANGE,mangrove_area_change,红树林面积变化量,area_boundary,-59.0,ha,Difference of consecutive MDPI Forests 2023 Table 3 area values.,A,0,0,satellite.public_area_observation,mangrove_area,10,Derived change metric for frontend trend display.
AREA-00127,SRC_LIT_FORESTS_HI_MANGROVE_RS_2023,"Using Medium-Resolution Remote Sensing Satellite Images to Evaluate Recent Changes and Future Development Trends of Mangrove Forests on Hainan Island, China",https://www.mdpi.com/1999-4907/14/11/2217,derived_from_peer_reviewed_remote_sensing_table,REG_HI_XINYINGGANG,海南岛-新英港,SITE_AREA,2005-2010,2005,2010,MANGROVE_AREA_CHANGE,mangrove_area_change,红树林面积变化量,area_boundary,43.0,ha,Difference of consecutive MDPI Forests 2023 Table 3 area values.,A,0,0,satellite.public_area_observation,mangrove_area,10,Derived change metric for frontend trend display.
AREA-00128,SRC_LIT_FORESTS_HI_MANGROVE_RS_2023,"Using Medium-Resolution Remote Sensing Satellite Images to Evaluate Recent Changes and Future Development Trends of Mangrove Forests on Hainan Island, China",https://www.mdpi.com/1999-4907/14/11/2217,derived_from_peer_reviewed_remote_sensing_table,REG_HI_XINYINGGANG,海南岛-新英港,SITE_AREA,2010-2015,2010,2015,MANGROVE_AREA_CHANGE,mangrove_area_change,红树林面积变化量,area_boundary,17.0,ha,Difference of consecutive MDPI Forests 2023 Table 3 area values.,A,0,0,satellite.public_area_observation,mangrove_area,10,Derived change metric for frontend trend display.
AREA-00129,SRC_LIT_FORESTS_HI_MANGROVE_RS_2023,"Using Medium-Resolution Remote Sensing Satellite Images to Evaluate Recent Changes and Future Development Trends of Mangrove Forests on Hainan Island, China",https://www.mdpi.com/1999-4907/14/11/2217,derived_from_peer_reviewed_remote_sensing_table,REG_HI_XINYINGGANG,海南岛-新英港,SITE_AREA,2015-2020,2015,2020,MANGROVE_AREA_CHANGE,mangrove_area_change,红树林面积变化量,area_boundary,8.0,ha,Difference of consecutive MDPI Forests 2023 Table 3 area values.,A,0,0,satellite.public_area_observation,mangrove_area,10,Derived change metric for frontend trend display.
AREA-00130,SRC_LIT_FORESTS_HI_MANGROVE_RS_2023,"Using Medium-Resolution Remote Sensing Satellite Images to Evaluate Recent Changes and Future Development Trends of Mangrove Forests on Hainan Island, China",https://www.mdpi.com/1999-4907/14/11/2217,derived_from_peer_reviewed_remote_sensing_table,REG_HI_XINYINGGANG,海南岛-新英港,SITE_AREA,1990-2020,1990,2020,MANGROVE_AREA_CHANGE,mangrove_area_change,红树林面积变化量,area_boundary,-30.0,ha,Difference of first and last MDPI Forests 2023 Table 3 area values.,A,0,0,satellite.public_area_observation,mangrove_area,10,Long-period change metric for frontend summary.
AREA-00131,SRC_LIT_FORESTS_HI_MANGROVE_RS_2023,"Using Medium-Resolution Remote Sensing Satellite Images to Evaluate Recent Changes and Future Development Trends of Mangrove Forests on Hainan Island, China",https://www.mdpi.com/1999-4907/14/11/2217,derived_from_peer_reviewed_remote_sensing_table,REG_HI_XINYINGGANG,海南岛-新英港,SITE_AREA,1990-2020,1990,2020,MANGROVE_AREA_CHANGE_RATE,mangrove_area_change_rate,红树林面积变化率,area_boundary,-9.146341463414634,percent,(last_area - first_area) / first_area from MDPI Forests 2023 Table 3.,A,0,0,satellite.public_area_observation,mangrove_area,10,Long-period percentage change metric for frontend summary.
AREA-00132,SRC_LIT_FORESTS_HI_MANGROVE_RS_2023,"Using Medium-Resolution Remote Sensing Satellite Images to Evaluate Recent Changes and Future Development Trends of Mangrove Forests on Hainan Island, China",https://www.mdpi.com/1999-4907/14/11/2217,derived_from_peer_reviewed_remote_sensing_table,REG_HI_YANGPUGANG,海南岛-洋浦港,SITE_AREA,1990-1995,1990,1995,MANGROVE_AREA_CHANGE,mangrove_area_change,红树林面积变化量,area_boundary,-17.0,ha,Difference of consecutive MDPI Forests 2023 Table 3 area values.,A,0,0,satellite.public_area_observation,mangrove_area,10,Derived change metric for frontend trend display.
AREA-00133,SRC_LIT_FORESTS_HI_MANGROVE_RS_2023,"Using Medium-Resolution Remote Sensing Satellite Images to Evaluate Recent Changes and Future Development Trends of Mangrove Forests on Hainan Island, China",https://www.mdpi.com/1999-4907/14/11/2217,derived_from_peer_reviewed_remote_sensing_table,REG_HI_YANGPUGANG,海南岛-洋浦港,SITE_AREA,1995-2000,1995,2000,MANGROVE_AREA_CHANGE,mangrove_area_change,红树林面积变化量,area_boundary,-232.0,ha,Difference of consecutive MDPI Forests 2023 Table 3 area values.,A,0,0,satellite.public_area_observation,mangrove_area,10,Derived change metric for frontend trend display.
AREA-00134,SRC_LIT_FORESTS_HI_MANGROVE_RS_2023,"Using Medium-Resolution Remote Sensing Satellite Images to Evaluate Recent Changes and Future Development Trends of Mangrove Forests on Hainan Island, China",https://www.mdpi.com/1999-4907/14/11/2217,derived_from_peer_reviewed_remote_sensing_table,REG_HI_YANGPUGANG,海南岛-洋浦港,SITE_AREA,2000-2005,2000,2005,MANGROVE_AREA_CHANGE,mangrove_area_change,红树林面积变化量,area_boundary,-6.0,ha,Difference of consecutive MDPI Forests 2023 Table 3 area values.,A,0,0,satellite.public_area_observation,mangrove_area,10,Derived change metric for frontend trend display.
AREA-00135,SRC_LIT_FORESTS_HI_MANGROVE_RS_2023,"Using Medium-Resolution Remote Sensing Satellite Images to Evaluate Recent Changes and Future Development Trends of Mangrove Forests on Hainan Island, China",https://www.mdpi.com/1999-4907/14/11/2217,derived_from_peer_reviewed_remote_sensing_table,REG_HI_YANGPUGANG,海南岛-洋浦港,SITE_AREA,2005-2010,2005,2010,MANGROVE_AREA_CHANGE,mangrove_area_change,红树林面积变化量,area_boundary,117.0,ha,Difference of consecutive MDPI Forests 2023 Table 3 area values.,A,0,0,satellite.public_area_observation,mangrove_area,10,Derived change metric for frontend trend display.
AREA-00136,SRC_LIT_FORESTS_HI_MANGROVE_RS_2023,"Using Medium-Resolution Remote Sensing Satellite Images to Evaluate Recent Changes and Future Development Trends of Mangrove Forests on Hainan Island, China",https://www.mdpi.com/1999-4907/14/11/2217,derived_from_peer_reviewed_remote_sensing_table,REG_HI_YANGPUGANG,海南岛-洋浦港,SITE_AREA,2010-2015,2010,2015,MANGROVE_AREA_CHANGE,mangrove_area_change,红树林面积变化量,area_boundary,18.0,ha,Difference of consecutive MDPI Forests 2023 Table 3 area values.,A,0,0,satellite.public_area_observation,mangrove_area,10,Derived change metric for frontend trend display.
AREA-00137,SRC_LIT_FORESTS_HI_MANGROVE_RS_2023,"Using Medium-Resolution Remote Sensing Satellite Images to Evaluate Recent Changes and Future Development Trends of Mangrove Forests on Hainan Island, China",https://www.mdpi.com/1999-4907/14/11/2217,derived_from_peer_reviewed_remote_sensing_table,REG_HI_YANGPUGANG,海南岛-洋浦港,SITE_AREA,2015-2020,2015,2020,MANGROVE_AREA_CHANGE,mangrove_area_change,红树林面积变化量,area_boundary,55.0,ha,Difference of consecutive MDPI Forests 2023 Table 3 area values.,A,0,0,satellite.public_area_observation,mangrove_area,10,Derived change metric for frontend trend display.
AREA-00138,SRC_LIT_FORESTS_HI_MANGROVE_RS_2023,"Using Medium-Resolution Remote Sensing Satellite Images to Evaluate Recent Changes and Future Development Trends of Mangrove Forests on Hainan Island, China",https://www.mdpi.com/1999-4907/14/11/2217,derived_from_peer_reviewed_remote_sensing_table,REG_HI_YANGPUGANG,海南岛-洋浦港,SITE_AREA,1990-2020,1990,2020,MANGROVE_AREA_CHANGE,mangrove_area_change,红树林面积变化量,area_boundary,-65.0,ha,Difference of first and last MDPI Forests 2023 Table 3 area values.,A,0,0,satellite.public_area_observation,mangrove_area,10,Long-period change metric for frontend summary.
AREA-00139,SRC_LIT_FORESTS_HI_MANGROVE_RS_2023,"Using Medium-Resolution Remote Sensing Satellite Images to Evaluate Recent Changes and Future Development Trends of Mangrove Forests on Hainan Island, China",https://www.mdpi.com/1999-4907/14/11/2217,derived_from_peer_reviewed_remote_sensing_table,REG_HI_YANGPUGANG,海南岛-洋浦港,SITE_AREA,1990-2020,1990,2020,MANGROVE_AREA_CHANGE_RATE,mangrove_area_change_rate,红树林面积变化率,area_boundary,-8.701472556894243,percent,(last_area - first_area) / first_area from MDPI Forests 2023 Table 3.,A,0,0,satellite.public_area_observation,mangrove_area,10,Long-period percentage change metric for frontend summary.
AREA-00140,SRC_LIT_BAMEN_SOC_2022,Bamen Bay SOC paper,https://www.mdpi.com/2073-4441/14/20/3278,peer_reviewed_or_public_numeric_table,REG_WENCHANG,文昌市,CITY,2022,2022,2022,NATURAL_MANGROVE_AREA,natural_mangrove_area,天然红树林面积,area_boundary,842.2,hm2,text_value; Study area; 原文 842.2 hm2 natural,A,0,0,satellite.public_area_observation,mangrove_area,10,天然红树林
AREA-00141,SRC_LIT_BAMEN_SOC_2022,Bamen Bay SOC paper,https://www.mdpi.com/2073-4441/14/20/3278,peer_reviewed_or_public_numeric_table,REG_WENCHANG,文昌市,CITY,2022,2022,2022,PLANTED_MANGROVE_AREA,planted_mangrove_area,人工红树林面积,area_boundary,381.1,hm2,text_value; Study area; 原文 381.1 hm2 planted,A,0,0,satellite.public_area_observation,mangrove_area,10,人工红树林
AREA-00142,SRC_LIT_HI_GHG_2022,Hainan blue carbon inventory,https://www.frontiersin.org/journals/marine-science/articles/10.3389/fmars.2022.932984/full,peer_reviewed_or_public_numeric_table,REG_HI,海南省,PROVINCE,2010-2020,2010,2020,MANGROVE_AREA_INCREASE_RATE,mangrove_area_increase_rate,红树林面积年均增长率,area_boundary,1.1,percent_per_year,text_value; Results; 原文 AAGR,A,0,0,satellite.public_area_observation,mangrove_area,10,2010-2020 年均增长率
AREA-00143,SRC_LIT_HI_GHG_2022,Hainan blue carbon inventory,https://www.frontiersin.org/journals/marine-science/articles/10.3389/fmars.2022.932984/full,peer_reviewed_or_public_numeric_table,REG_HI,海南省,PROVINCE,2010-2020,2010,2020,REVEGETATED_TIDAL_FLAT_OR_POND,revegetated_tidal_flat_or_pond,滩涂/养殖塘恢复红树林面积,environment_remote_sensing,483.9,ha,text_value; Results; 原文 483.9 ha,A,0,0,satellite.public_area_observation,mangrove_area,10,红树林恢复来源地类
AREA-00144,SRC_LIT_BAMEN_SOC_2022,Bamen Bay SOC paper,https://www.mdpi.com/2073-4441/14/20/3278,derived_from_peer_reviewed_study_area_text,REG_WENCHANG_BAMEN_BAY,文昌八门湾自然保护区,PROTECTED_AREA,2022,2022,2022,NATURAL_MANGROVE_AREA_SHARE,natural_mangrove_area_share,天然红树林占比,area_boundary,20.09688118930012,percent,Component area divided by published 1223.3 hm2 Bamen Bay mangrove area.,A,0,0,satellite.public_area_observation,mangrove_area,10,Derived composition metric for display; not a plot measurement.
AREA-00145,SRC_LIT_BAMEN_SOC_2022,Bamen Bay SOC paper,https://www.mdpi.com/2073-4441/14/20/3278,derived_from_peer_reviewed_study_area_text,REG_WENCHANG_BAMEN_BAY,文昌八门湾自然保护区,PROTECTED_AREA,2022,2022,2022,PLANTED_MANGROVE_AREA_SHARE,planted_mangrove_area_share,人工红树林占比,area_boundary,9.093946118786835,percent,Component area divided by published 1223.3 hm2 Bamen Bay mangrove area.,A,0,0,satellite.public_area_observation,mangrove_area,10,Derived composition metric for display; not a plot measurement.
DEMOAREA-00001,SRC_LIT_FORESTS_HI_MANGROVE_RS_2023,"Using Medium-Resolution Remote Sensing Satellite Images to Evaluate Recent Changes and Future Development Trends of Mangrove Forests on Hainan Island, China",https://www.mdpi.com/1999-4907/14/11/2217,derived_from_peer_reviewed_remote_sensing_table,REG_HI_DONGFANG,海南岛-东方,SITE_AREA,2020,2020,2020,MANGROVE_AREA_2020_SHARE_OF_TRACKED_SITES,mangrove_area_2020_share_of_tracked_sites,2020 跟踪区域面积占比,area_boundary,1.788109074653554,percent,Derived from MDPI Forests 2023 Table 3 site-level 1990-2020 mangrove area values.,A,0,0,satellite.public_area_observation,mangrove_area,12,Demo supplement metric for frontend ranking and composition display; not a field plot.
DEMOAREA-00002,SRC_LIT_FORESTS_HI_MANGROVE_RS_2023,"Using Medium-Resolution Remote Sensing Satellite Images to Evaluate Recent Changes and Future Development Trends of Mangrove Forests on Hainan Island, China",https://www.mdpi.com/1999-4907/14/11/2217,derived_from_peer_reviewed_remote_sensing_table,REG_HI_DONGFANG,海南岛-东方,SITE_AREA,2020,2020,2020,MANGROVE_AREA_2020_RANK_AMONG_TRACKED_SITES,mangrove_area_2020_rank_among_tracked_sites,2020 跟踪区域面积排名,area_boundary,9.0,rank,Derived from MDPI Forests 2023 Table 3 site-level 1990-2020 mangrove area values.,A,0,0,satellite.public_area_observation,mangrove_area,12,Demo supplement metric for frontend ranking and composition display; not a field plot.
DEMOAREA-00003,SRC_LIT_FORESTS_HI_MANGROVE_RS_2023,"Using Medium-Resolution Remote Sensing Satellite Images to Evaluate Recent Changes and Future Development Trends of Mangrove Forests on Hainan Island, China",https://www.mdpi.com/1999-4907/14/11/2217,derived_from_peer_reviewed_remote_sensing_table,REG_HI_DONGFANG,海南岛-东方,SITE_AREA,2020,2020,2020,MANGROVE_AREA_2020_INDEX_1990_100,mangrove_area_2020_index_1990_100,2020 面积指数(1990=100),area_boundary,307.6923076923077,index,Derived from MDPI Forests 2023 Table 3 site-level 1990-2020 mangrove area values.,A,0,0,satellite.public_area_observation,mangrove_area,12,Demo supplement metric for frontend ranking and composition display; not a field plot.
DEMOAREA-00004,SRC_LIT_FORESTS_HI_MANGROVE_RS_2023,"Using Medium-Resolution Remote Sensing Satellite Images to Evaluate Recent Changes and Future Development Trends of Mangrove Forests on Hainan Island, China",https://www.mdpi.com/1999-4907/14/11/2217,derived_from_peer_reviewed_remote_sensing_table,REG_HI_DONGZHAIGANG,海南岛-东寨港,SITE_AREA,2020,2020,2020,MANGROVE_AREA_2020_SHARE_OF_TRACKED_SITES,mangrove_area_2020_share_of_tracked_sites,2020 跟踪区域面积占比,area_boundary,39.137237371479664,percent,Derived from MDPI Forests 2023 Table 3 site-level 1990-2020 mangrove area values.,A,0,0,satellite.public_area_observation,mangrove_area,12,Demo supplement metric for frontend ranking and composition display; not a field plot.
DEMOAREA-00005,SRC_LIT_FORESTS_HI_MANGROVE_RS_2023,"Using Medium-Resolution Remote Sensing Satellite Images to Evaluate Recent Changes and Future Development Trends of Mangrove Forests on Hainan Island, China",https://www.mdpi.com/1999-4907/14/11/2217,derived_from_peer_reviewed_remote_sensing_table,REG_HI_DONGZHAIGANG,海南岛-东寨港,SITE_AREA,2020,2020,2020,MANGROVE_AREA_2020_RANK_AMONG_TRACKED_SITES,mangrove_area_2020_rank_among_tracked_sites,2020 跟踪区域面积排名,area_boundary,1.0,rank,Derived from MDPI Forests 2023 Table 3 site-level 1990-2020 mangrove area values.,A,0,0,satellite.public_area_observation,mangrove_area,12,Demo supplement metric for frontend ranking and composition display; not a field plot.
DEMOAREA-00006,SRC_LIT_FORESTS_HI_MANGROVE_RS_2023,"Using Medium-Resolution Remote Sensing Satellite Images to Evaluate Recent Changes and Future Development Trends of Mangrove Forests on Hainan Island, China",https://www.mdpi.com/1999-4907/14/11/2217,derived_from_peer_reviewed_remote_sensing_table,REG_HI_DONGZHAIGANG,海南岛-东寨港,SITE_AREA,2020,2020,2020,MANGROVE_AREA_2020_INDEX_1990_100,mangrove_area_2020_index_1990_100,2020 面积指数(1990=100),area_boundary,108.42105263157895,index,Derived from MDPI Forests 2023 Table 3 site-level 1990-2020 mangrove area values.,A,0,0,satellite.public_area_observation,mangrove_area,12,Demo supplement metric for frontend ranking and composition display; not a field plot.
DEMOAREA-00007,SRC_LIT_FORESTS_HI_MANGROVE_RS_2023,"Using Medium-Resolution Remote Sensing Satellite Images to Evaluate Recent Changes and Future Development Trends of Mangrove Forests on Hainan Island, China",https://www.mdpi.com/1999-4907/14/11/2217,derived_from_peer_reviewed_remote_sensing_table,REG_HI_GUANNAN,海南岛-冠南,SITE_AREA,2020,2020,2020,MANGROVE_AREA_2020_SHARE_OF_TRACKED_SITES,mangrove_area_2020_share_of_tracked_sites,2020 跟踪区域面积占比,area_boundary,3.732677693339294,percent,Derived from MDPI Forests 2023 Table 3 site-level 1990-2020 mangrove area values.,A,0,0,satellite.public_area_observation,mangrove_area,12,Demo supplement metric for frontend ranking and composition display; not a field plot.
DEMOAREA-00008,SRC_LIT_FORESTS_HI_MANGROVE_RS_2023,"Using Medium-Resolution Remote Sensing Satellite Images to Evaluate Recent Changes and Future Development Trends of Mangrove Forests on Hainan Island, China",https://www.mdpi.com/1999-4907/14/11/2217,derived_from_peer_reviewed_remote_sensing_table,REG_HI_GUANNAN,海南岛-冠南,SITE_AREA,2020,2020,2020,MANGROVE_AREA_2020_RANK_AMONG_TRACKED_SITES,mangrove_area_2020_rank_among_tracked_sites,2020 跟踪区域面积排名,area_boundary,6.0,rank,Derived from MDPI Forests 2023 Table 3 site-level 1990-2020 mangrove area values.,A,0,0,satellite.public_area_observation,mangrove_area,12,Demo supplement metric for frontend ranking and composition display; not a field plot.
DEMOAREA-00009,SRC_LIT_FORESTS_HI_MANGROVE_RS_2023,"Using Medium-Resolution Remote Sensing Satellite Images to Evaluate Recent Changes and Future Development Trends of Mangrove Forests on Hainan Island, China",https://www.mdpi.com/1999-4907/14/11/2217,derived_from_peer_reviewed_remote_sensing_table,REG_HI_GUANNAN,海南岛-冠南,SITE_AREA,2020,2020,2020,MANGROVE_AREA_2020_INDEX_1990_100,mangrove_area_2020_index_1990_100,2020 面积指数(1990=100),area_boundary,73.568281938326,index,Derived from MDPI Forests 2023 Table 3 site-level 1990-2020 mangrove area values.,A,0,0,satellite.public_area_observation,mangrove_area,12,Demo supplement metric for frontend ranking and composition display; not a field plot.
DEMOAREA-00010,SRC_LIT_FORESTS_HI_MANGROVE_RS_2023,"Using Medium-Resolution Remote Sensing Satellite Images to Evaluate Recent Changes and Future Development Trends of Mangrove Forests on Hainan Island, China",https://www.mdpi.com/1999-4907/14/11/2217,derived_from_peer_reviewed_remote_sensing_table,REG_HI_HUACHANGWAN,海南岛-花场湾,SITE_AREA,2020,2020,2020,MANGROVE_AREA_2020_SHARE_OF_TRACKED_SITES,mangrove_area_2020_share_of_tracked_sites,2020 跟踪区域面积占比,area_boundary,7.308895842646401,percent,Derived from MDPI Forests 2023 Table 3 site-level 1990-2020 mangrove area values.,A,0,0,satellite.public_area_observation,mangrove_area,12,Demo supplement metric for frontend ranking and composition display; not a field plot.
DEMOAREA-00011,SRC_LIT_FORESTS_HI_MANGROVE_RS_2023,"Using Medium-Resolution Remote Sensing Satellite Images to Evaluate Recent Changes and Future Development Trends of Mangrove Forests on Hainan Island, China",https://www.mdpi.com/1999-4907/14/11/2217,derived_from_peer_reviewed_remote_sensing_table,REG_HI_HUACHANGWAN,海南岛-花场湾,SITE_AREA,2020,2020,2020,MANGROVE_AREA_2020_RANK_AMONG_TRACKED_SITES,mangrove_area_2020_rank_among_tracked_sites,2020 跟踪区域面积排名,area_boundary,4.0,rank,Derived from MDPI Forests 2023 Table 3 site-level 1990-2020 mangrove area values.,A,0,0,satellite.public_area_observation,mangrove_area,12,Demo supplement metric for frontend ranking and composition display; not a field plot.
DEMOAREA-00012,SRC_LIT_FORESTS_HI_MANGROVE_RS_2023,"Using Medium-Resolution Remote Sensing Satellite Images to Evaluate Recent Changes and Future Development Trends of Mangrove Forests on Hainan Island, China",https://www.mdpi.com/1999-4907/14/11/2217,derived_from_peer_reviewed_remote_sensing_table,REG_HI_HUACHANGWAN,海南岛-花场湾,SITE_AREA,2020,2020,2020,MANGROVE_AREA_2020_INDEX_1990_100,mangrove_area_2020_index_1990_100,2020 面积指数(1990=100),area_boundary,92.11267605633803,index,Derived from MDPI Forests 2023 Table 3 site-level 1990-2020 mangrove area values.,A,0,0,satellite.public_area_observation,mangrove_area,12,Demo supplement metric for frontend ranking and composition display; not a field plot.
DEMOAREA-00013,SRC_LIT_FORESTS_HI_MANGROVE_RS_2023,"Using Medium-Resolution Remote Sensing Satellite Images to Evaluate Recent Changes and Future Development Trends of Mangrove Forests on Hainan Island, China",https://www.mdpi.com/1999-4907/14/11/2217,derived_from_peer_reviewed_remote_sensing_table,REG_HI_HUIWEN,海南岛-会文,SITE_AREA,2020,2020,2020,MANGROVE_AREA_2020_SHARE_OF_TRACKED_SITES,mangrove_area_2020_share_of_tracked_sites,2020 跟踪区域面积占比,area_boundary,20.205632543585157,percent,Derived from MDPI Forests 2023 Table 3 site-level 1990-2020 mangrove area values.,A,0,0,satellite.public_area_observation,mangrove_area,12,Demo supplement metric for frontend ranking and composition display; not a field plot.
DEMOAREA-00014,SRC_LIT_FORESTS_HI_MANGROVE_RS_2023,"Using Medium-Resolution Remote Sensing Satellite Images to Evaluate Recent Changes and Future Development Trends of Mangrove Forests on Hainan Island, China",https://www.mdpi.com/1999-4907/14/11/2217,derived_from_peer_reviewed_remote_sensing_table,REG_HI_HUIWEN,海南岛-会文,SITE_AREA,2020,2020,2020,MANGROVE_AREA_2020_RANK_AMONG_TRACKED_SITES,mangrove_area_2020_rank_among_tracked_sites,2020 跟踪区域面积排名,area_boundary,2.0,rank,Derived from MDPI Forests 2023 Table 3 site-level 1990-2020 mangrove area values.,A,0,0,satellite.public_area_observation,mangrove_area,12,Demo supplement metric for frontend ranking and composition display; not a field plot.
DEMOAREA-00015,SRC_LIT_FORESTS_HI_MANGROVE_RS_2023,"Using Medium-Resolution Remote Sensing Satellite Images to Evaluate Recent Changes and Future Development Trends of Mangrove Forests on Hainan Island, China",https://www.mdpi.com/1999-4907/14/11/2217,derived_from_peer_reviewed_remote_sensing_table,REG_HI_HUIWEN,海南岛-会文,SITE_AREA,2020,2020,2020,MANGROVE_AREA_2020_INDEX_1990_100,mangrove_area_2020_index_1990_100,2020 面积指数(1990=100),area_boundary,85.68720379146919,index,Derived from MDPI Forests 2023 Table 3 site-level 1990-2020 mangrove area values.,A,0,0,satellite.public_area_observation,mangrove_area,12,Demo supplement metric for frontend ranking and composition display; not a field plot.
DEMOAREA-00016,SRC_LIT_FORESTS_HI_MANGROVE_RS_2023,"Using Medium-Resolution Remote Sensing Satellite Images to Evaluate Recent Changes and Future Development Trends of Mangrove Forests on Hainan Island, China",https://www.mdpi.com/1999-4907/14/11/2217,derived_from_peer_reviewed_remote_sensing_table,REG_HI_MANIAOGANG,海南岛-马袅港,SITE_AREA,2020,2020,2020,MANGROVE_AREA_2020_SHARE_OF_TRACKED_SITES,mangrove_area_2020_share_of_tracked_sites,2020 跟踪区域面积占比,area_boundary,2.7715690657130083,percent,Derived from MDPI Forests 2023 Table 3 site-level 1990-2020 mangrove area values.,A,0,0,satellite.public_area_observation,mangrove_area,12,Demo supplement metric for frontend ranking and composition display; not a field plot.
DEMOAREA-00017,SRC_LIT_FORESTS_HI_MANGROVE_RS_2023,"Using Medium-Resolution Remote Sensing Satellite Images to Evaluate Recent Changes and Future Development Trends of Mangrove Forests on Hainan Island, China",https://www.mdpi.com/1999-4907/14/11/2217,derived_from_peer_reviewed_remote_sensing_table,REG_HI_MANIAOGANG,海南岛-马袅港,SITE_AREA,2020,2020,2020,MANGROVE_AREA_2020_RANK_AMONG_TRACKED_SITES,mangrove_area_2020_rank_among_tracked_sites,2020 跟踪区域面积排名,area_boundary,8.0,rank,Derived from MDPI Forests 2023 Table 3 site-level 1990-2020 mangrove area values.,A,0,0,satellite.public_area_observation,mangrove_area,12,Demo supplement metric for frontend ranking and composition display; not a field plot.
DEMOAREA-00018,SRC_LIT_FORESTS_HI_MANGROVE_RS_2023,"Using Medium-Resolution Remote Sensing Satellite Images to Evaluate Recent Changes and Future Development Trends of Mangrove Forests on Hainan Island, China",https://www.mdpi.com/1999-4907/14/11/2217,derived_from_peer_reviewed_remote_sensing_table,REG_HI_MANIAOGANG,海南岛-马袅港,SITE_AREA,2020,2020,2020,MANGROVE_AREA_2020_INDEX_1990_100,mangrove_area_2020_index_1990_100,2020 面积指数(1990=100),area_boundary,225.45454545454547,index,Derived from MDPI Forests 2023 Table 3 site-level 1990-2020 mangrove area values.,A,0,0,satellite.public_area_observation,mangrove_area,12,Demo supplement metric for frontend ranking and composition display; not a field plot.
DEMOAREA-00019,SRC_LIT_FORESTS_HI_MANGROVE_RS_2023,"Using Medium-Resolution Remote Sensing Satellite Images to Evaluate Recent Changes and Future Development Trends of Mangrove Forests on Hainan Island, China",https://www.mdpi.com/1999-4907/14/11/2217,derived_from_peer_reviewed_remote_sensing_table,REG_HI_PUQIAN,海南岛-铺前,SITE_AREA,2020,2020,2020,MANGROVE_AREA_2020_SHARE_OF_TRACKED_SITES,mangrove_area_2020_share_of_tracked_sites,2020 跟踪区域面积占比,area_boundary,3.1515422440768885,percent,Derived from MDPI Forests 2023 Table 3 site-level 1990-2020 mangrove area values.,A,0,0,satellite.public_area_observation,mangrove_area,12,Demo supplement metric for frontend ranking and composition display; not a field plot.
DEMOAREA-00020,SRC_LIT_FORESTS_HI_MANGROVE_RS_2023,"Using Medium-Resolution Remote Sensing Satellite Images to Evaluate Recent Changes and Future Development Trends of Mangrove Forests on Hainan Island, China",https://www.mdpi.com/1999-4907/14/11/2217,derived_from_peer_reviewed_remote_sensing_table,REG_HI_PUQIAN,海南岛-铺前,SITE_AREA,2020,2020,2020,MANGROVE_AREA_2020_RANK_AMONG_TRACKED_SITES,mangrove_area_2020_rank_among_tracked_sites,2020 跟踪区域面积排名,area_boundary,7.0,rank,Derived from MDPI Forests 2023 Table 3 site-level 1990-2020 mangrove area values.,A,0,0,satellite.public_area_observation,mangrove_area,12,Demo supplement metric for frontend ranking and composition display; not a field plot.
DEMOAREA-00021,SRC_LIT_FORESTS_HI_MANGROVE_RS_2023,"Using Medium-Resolution Remote Sensing Satellite Images to Evaluate Recent Changes and Future Development Trends of Mangrove Forests on Hainan Island, China",https://www.mdpi.com/1999-4907/14/11/2217,derived_from_peer_reviewed_remote_sensing_table,REG_HI_PUQIAN,海南岛-铺前,SITE_AREA,2020,2020,2020,MANGROVE_AREA_2020_INDEX_1990_100,mangrove_area_2020_index_1990_100,2020 面积指数(1990=100),area_boundary,82.94117647058823,index,Derived from MDPI Forests 2023 Table 3 site-level 1990-2020 mangrove area values.,A,0,0,satellite.public_area_observation,mangrove_area,12,Demo supplement metric for frontend ranking and composition display; not a field plot.
DEMOAREA-00022,SRC_LIT_FORESTS_HI_MANGROVE_RS_2023,"Using Medium-Resolution Remote Sensing Satellite Images to Evaluate Recent Changes and Future Development Trends of Mangrove Forests on Hainan Island, China",https://www.mdpi.com/1999-4907/14/11/2217,derived_from_peer_reviewed_remote_sensing_table,REG_HI_XINYINGGANG,海南岛-新英港,SITE_AREA,2020,2020,2020,MANGROVE_AREA_2020_SHARE_OF_TRACKED_SITES,mangrove_area_2020_share_of_tracked_sites,2020 跟踪区域面积占比,area_boundary,6.660706303084488,percent,Derived from MDPI Forests 2023 Table 3 site-level 1990-2020 mangrove area values.,A,0,0,satellite.public_area_observation,mangrove_area,12,Demo supplement metric for frontend ranking and composition display; not a field plot.
DEMOAREA-00023,SRC_LIT_FORESTS_HI_MANGROVE_RS_2023,"Using Medium-Resolution Remote Sensing Satellite Images to Evaluate Recent Changes and Future Development Trends of Mangrove Forests on Hainan Island, China",https://www.mdpi.com/1999-4907/14/11/2217,derived_from_peer_reviewed_remote_sensing_table,REG_HI_XINYINGGANG,海南岛-新英港,SITE_AREA,2020,2020,2020,MANGROVE_AREA_2020_RANK_AMONG_TRACKED_SITES,mangrove_area_2020_rank_among_tracked_sites,2020 跟踪区域面积排名,area_boundary,5.0,rank,Derived from MDPI Forests 2023 Table 3 site-level 1990-2020 mangrove area values.,A,0,0,satellite.public_area_observation,mangrove_area,12,Demo supplement metric for frontend ranking and composition display; not a field plot.
DEMOAREA-00024,SRC_LIT_FORESTS_HI_MANGROVE_RS_2023,"Using Medium-Resolution Remote Sensing Satellite Images to Evaluate Recent Changes and Future Development Trends of Mangrove Forests on Hainan Island, China",https://www.mdpi.com/1999-4907/14/11/2217,derived_from_peer_reviewed_remote_sensing_table,REG_HI_XINYINGGANG,海南岛-新英港,SITE_AREA,2020,2020,2020,MANGROVE_AREA_2020_INDEX_1990_100,mangrove_area_2020_index_1990_100,2020 面积指数(1990=100),area_boundary,90.85365853658537,index,Derived from MDPI Forests 2023 Table 3 site-level 1990-2020 mangrove area values.,A,0,0,satellite.public_area_observation,mangrove_area,12,Demo supplement metric for frontend ranking and composition display; not a field plot.
DEMOAREA-00025,SRC_LIT_FORESTS_HI_MANGROVE_RS_2023,"Using Medium-Resolution Remote Sensing Satellite Images to Evaluate Recent Changes and Future Development Trends of Mangrove Forests on Hainan Island, China",https://www.mdpi.com/1999-4907/14/11/2217,derived_from_peer_reviewed_remote_sensing_table,REG_HI_YANGPUGANG,海南岛-洋浦港,SITE_AREA,2020,2020,2020,MANGROVE_AREA_2020_SHARE_OF_TRACKED_SITES,mangrove_area_2020_share_of_tracked_sites,2020 跟踪区域面积占比,area_boundary,15.243629861421546,percent,Derived from MDPI Forests 2023 Table 3 site-level 1990-2020 mangrove area values.,A,0,0,satellite.public_area_observation,mangrove_area,12,Demo supplement metric for frontend ranking and composition display; not a field plot.
DEMOAREA-00026,SRC_LIT_FORESTS_HI_MANGROVE_RS_2023,"Using Medium-Resolution Remote Sensing Satellite Images to Evaluate Recent Changes and Future Development Trends of Mangrove Forests on Hainan Island, China",https://www.mdpi.com/1999-4907/14/11/2217,derived_from_peer_reviewed_remote_sensing_table,REG_HI_YANGPUGANG,海南岛-洋浦港,SITE_AREA,2020,2020,2020,MANGROVE_AREA_2020_RANK_AMONG_TRACKED_SITES,mangrove_area_2020_rank_among_tracked_sites,2020 跟踪区域面积排名,area_boundary,3.0,rank,Derived from MDPI Forests 2023 Table 3 site-level 1990-2020 mangrove area values.,A,0,0,satellite.public_area_observation,mangrove_area,12,Demo supplement metric for frontend ranking and composition display; not a field plot.
DEMOAREA-00027,SRC_LIT_FORESTS_HI_MANGROVE_RS_2023,"Using Medium-Resolution Remote Sensing Satellite Images to Evaluate Recent Changes and Future Development Trends of Mangrove Forests on Hainan Island, China",https://www.mdpi.com/1999-4907/14/11/2217,derived_from_peer_reviewed_remote_sensing_table,REG_HI_YANGPUGANG,海南岛-洋浦港,SITE_AREA,2020,2020,2020,MANGROVE_AREA_2020_INDEX_1990_100,mangrove_area_2020_index_1990_100,2020 面积指数(1990=100),area_boundary,91.29852744310575,index,Derived from MDPI Forests 2023 Table 3 site-level 1990-2020 mangrove area values.,A,0,0,satellite.public_area_observation,mangrove_area,12,Demo supplement metric for frontend ranking and composition display; not a field plot.
