record_id,source_id,source_name,source_url,source_type,region_id,region_name,region_level,year_or_period,year_start,year_end,indicator_code,indicator_name,indicator_label,indicator_group,value,unit,method,quality_level,is_proxy,is_simulated,database_target,frontend_group,display_priority,notes
RS-00001,SRC_LIT_FORESTS_HI_MANGROVE_RS_2023,"Using Medium-Resolution Remote Sensing Satellite Images to Evaluate Recent Changes and Future Development Trends of Mangrove Forests on Hainan Island, China",https://www.mdpi.com/1999-4907/14/11/2217,peer_reviewed_remote_sensing_table,REG_HI_DONGZHAIGANG,海南岛-东寨港,SITE_AREA,1990,1990,1990,REMOTE_SENSING_MANGROVE_AREA,remote_sensing_mangrove_area,遥感解译红树林面积,area_boundary,1615.0,ha,Published Table 3 mangrove area interpreted from Landsat TM/ETM+/OLI medium-resolution satellite images.,A,0,0,satellite.public_remote_sensing_metric,remote_sensing,10,"Site-level protected-area / growth-area value; keep as regional remote-sensing statistic, not plot observation."
RS-00002,SRC_LIT_FORESTS_HI_MANGROVE_RS_2023,"Using Medium-Resolution Remote Sensing Satellite Images to Evaluate Recent Changes and Future Development Trends of Mangrove Forests on Hainan Island, China",https://www.mdpi.com/1999-4907/14/11/2217,peer_reviewed_remote_sensing_table,REG_HI_DONGZHAIGANG,海南岛-东寨港,SITE_AREA,1995,1995,1995,REMOTE_SENSING_MANGROVE_AREA,remote_sensing_mangrove_area,遥感解译红树林面积,area_boundary,1540.0,ha,Published Table 3 mangrove area interpreted from Landsat TM/ETM+/OLI medium-resolution satellite images.,A,0,0,satellite.public_remote_sensing_metric,remote_sensing,10,"Site-level protected-area / growth-area value; keep as regional remote-sensing statistic, not plot observation."
RS-00003,SRC_LIT_FORESTS_HI_MANGROVE_RS_2023,"Using Medium-Resolution Remote Sensing Satellite Images to Evaluate Recent Changes and Future Development Trends of Mangrove Forests on Hainan Island, China",https://www.mdpi.com/1999-4907/14/11/2217,peer_reviewed_remote_sensing_table,REG_HI_DONGZHAIGANG,海南岛-东寨港,SITE_AREA,2000,2000,2000,REMOTE_SENSING_MANGROVE_AREA,remote_sensing_mangrove_area,遥感解译红树林面积,area_boundary,1664.0,ha,Published Table 3 mangrove area interpreted from Landsat TM/ETM+/OLI medium-resolution satellite images.,A,0,0,satellite.public_remote_sensing_metric,remote_sensing,10,"Site-level protected-area / growth-area value; keep as regional remote-sensing statistic, not plot observation."
RS-00004,SRC_LIT_FORESTS_HI_MANGROVE_RS_2023,"Using Medium-Resolution Remote Sensing Satellite Images to Evaluate Recent Changes and Future Development Trends of Mangrove Forests on Hainan Island, China",https://www.mdpi.com/1999-4907/14/11/2217,peer_reviewed_remote_sensing_table,REG_HI_DONGZHAIGANG,海南岛-东寨港,SITE_AREA,2005,2005,2005,REMOTE_SENSING_MANGROVE_AREA,remote_sensing_mangrove_area,遥感解译红树林面积,area_boundary,1723.0,ha,Published Table 3 mangrove area interpreted from Landsat TM/ETM+/OLI medium-resolution satellite images.,A,0,0,satellite.public_remote_sensing_metric,remote_sensing,10,"Site-level protected-area / growth-area value; keep as regional remote-sensing statistic, not plot observation."
RS-00005,SRC_LIT_FORESTS_HI_MANGROVE_RS_2023,"Using Medium-Resolution Remote Sensing Satellite Images to Evaluate Recent Changes and Future Development Trends of Mangrove Forests on Hainan Island, China",https://www.mdpi.com/1999-4907/14/11/2217,peer_reviewed_remote_sensing_table,REG_HI_DONGZHAIGANG,海南岛-东寨港,SITE_AREA,2010,2010,2010,REMOTE_SENSING_MANGROVE_AREA,remote_sensing_mangrove_area,遥感解译红树林面积,area_boundary,1787.0,ha,Published Table 3 mangrove area interpreted from Landsat TM/ETM+/OLI medium-resolution satellite images.,A,0,0,satellite.public_remote_sensing_metric,remote_sensing,10,"Site-level protected-area / growth-area value; keep as regional remote-sensing statistic, not plot observation."
RS-00006,SRC_LIT_FORESTS_HI_MANGROVE_RS_2023,"Using Medium-Resolution Remote Sensing Satellite Images to Evaluate Recent Changes and Future Development Trends of Mangrove Forests on Hainan Island, China",https://www.mdpi.com/1999-4907/14/11/2217,peer_reviewed_remote_sensing_table,REG_HI_DONGZHAIGANG,海南岛-东寨港,SITE_AREA,2015,2015,2015,REMOTE_SENSING_MANGROVE_AREA,remote_sensing_mangrove_area,遥感解译红树林面积,area_boundary,1740.0,ha,Published Table 3 mangrove area interpreted from Landsat TM/ETM+/OLI medium-resolution satellite images.,A,0,0,satellite.public_remote_sensing_metric,remote_sensing,10,"Site-level protected-area / growth-area value; keep as regional remote-sensing statistic, not plot observation."
RS-00007,SRC_LIT_FORESTS_HI_MANGROVE_RS_2023,"Using Medium-Resolution Remote Sensing Satellite Images to Evaluate Recent Changes and Future Development Trends of Mangrove Forests on Hainan Island, China",https://www.mdpi.com/1999-4907/14/11/2217,peer_reviewed_remote_sensing_table,REG_HI_DONGZHAIGANG,海南岛-东寨港,SITE_AREA,2020,2020,2020,REMOTE_SENSING_MANGROVE_AREA,remote_sensing_mangrove_area,遥感解译红树林面积,area_boundary,1751.0,ha,Published Table 3 mangrove area interpreted from Landsat TM/ETM+/OLI medium-resolution satellite images.,A,0,0,satellite.public_remote_sensing_metric,remote_sensing,10,"Site-level protected-area / growth-area value; keep as regional remote-sensing statistic, not plot observation."
RS-00008,SRC_LIT_FORESTS_HI_MANGROVE_RS_2023,"Using Medium-Resolution Remote Sensing Satellite Images to Evaluate Recent Changes and Future Development Trends of Mangrove Forests on Hainan Island, China",https://www.mdpi.com/1999-4907/14/11/2217,peer_reviewed_remote_sensing_table,REG_HI_DONGFANG,海南岛-东方,SITE_AREA,1990,1990,1990,REMOTE_SENSING_MANGROVE_AREA,remote_sensing_mangrove_area,遥感解译红树林面积,area_boundary,26.0,ha,Published Table 3 mangrove area interpreted from Landsat TM/ETM+/OLI medium-resolution satellite images.,A,0,0,satellite.public_remote_sensing_metric,remote_sensing,10,"Site-level protected-area / growth-area value; keep as regional remote-sensing statistic, not plot observation."
RS-00009,SRC_LIT_FORESTS_HI_MANGROVE_RS_2023,"Using Medium-Resolution Remote Sensing Satellite Images to Evaluate Recent Changes and Future Development Trends of Mangrove Forests on Hainan Island, China",https://www.mdpi.com/1999-4907/14/11/2217,peer_reviewed_remote_sensing_table,REG_HI_DONGFANG,海南岛-东方,SITE_AREA,1995,1995,1995,REMOTE_SENSING_MANGROVE_AREA,remote_sensing_mangrove_area,遥感解译红树林面积,area_boundary,38.0,ha,Published Table 3 mangrove area interpreted from Landsat TM/ETM+/OLI medium-resolution satellite images.,A,0,0,satellite.public_remote_sensing_metric,remote_sensing,10,"Site-level protected-area / growth-area value; keep as regional remote-sensing statistic, not plot observation."
RS-00010,SRC_LIT_FORESTS_HI_MANGROVE_RS_2023,"Using Medium-Resolution Remote Sensing Satellite Images to Evaluate Recent Changes and Future Development Trends of Mangrove Forests on Hainan Island, China",https://www.mdpi.com/1999-4907/14/11/2217,peer_reviewed_remote_sensing_table,REG_HI_DONGFANG,海南岛-东方,SITE_AREA,2000,2000,2000,REMOTE_SENSING_MANGROVE_AREA,remote_sensing_mangrove_area,遥感解译红树林面积,area_boundary,30.0,ha,Published Table 3 mangrove area interpreted from Landsat TM/ETM+/OLI medium-resolution satellite images.,A,0,0,satellite.public_remote_sensing_metric,remote_sensing,10,"Site-level protected-area / growth-area value; keep as regional remote-sensing statistic, not plot observation."
RS-00011,SRC_LIT_FORESTS_HI_MANGROVE_RS_2023,"Using Medium-Resolution Remote Sensing Satellite Images to Evaluate Recent Changes and Future Development Trends of Mangrove Forests on Hainan Island, China",https://www.mdpi.com/1999-4907/14/11/2217,peer_reviewed_remote_sensing_table,REG_HI_DONGFANG,海南岛-东方,SITE_AREA,2005,2005,2005,REMOTE_SENSING_MANGROVE_AREA,remote_sensing_mangrove_area,遥感解译红树林面积,area_boundary,60.0,ha,Published Table 3 mangrove area interpreted from Landsat TM/ETM+/OLI medium-resolution satellite images.,A,0,0,satellite.public_remote_sensing_metric,remote_sensing,10,"Site-level protected-area / growth-area value; keep as regional remote-sensing statistic, not plot observation."
RS-00012,SRC_LIT_FORESTS_HI_MANGROVE_RS_2023,"Using Medium-Resolution Remote Sensing Satellite Images to Evaluate Recent Changes and Future Development Trends of Mangrove Forests on Hainan Island, China",https://www.mdpi.com/1999-4907/14/11/2217,peer_reviewed_remote_sensing_table,REG_HI_DONGFANG,海南岛-东方,SITE_AREA,2010,2010,2010,REMOTE_SENSING_MANGROVE_AREA,remote_sensing_mangrove_area,遥感解译红树林面积,area_boundary,67.0,ha,Published Table 3 mangrove area interpreted from Landsat TM/ETM+/OLI medium-resolution satellite images.,A,0,0,satellite.public_remote_sensing_metric,remote_sensing,10,"Site-level protected-area / growth-area value; keep as regional remote-sensing statistic, not plot observation."
RS-00013,SRC_LIT_FORESTS_HI_MANGROVE_RS_2023,"Using Medium-Resolution Remote Sensing Satellite Images to Evaluate Recent Changes and Future Development Trends of Mangrove Forests on Hainan Island, China",https://www.mdpi.com/1999-4907/14/11/2217,peer_reviewed_remote_sensing_table,REG_HI_DONGFANG,海南岛-东方,SITE_AREA,2015,2015,2015,REMOTE_SENSING_MANGROVE_AREA,remote_sensing_mangrove_area,遥感解译红树林面积,area_boundary,77.0,ha,Published Table 3 mangrove area interpreted from Landsat TM/ETM+/OLI medium-resolution satellite images.,A,0,0,satellite.public_remote_sensing_metric,remote_sensing,10,"Site-level protected-area / growth-area value; keep as regional remote-sensing statistic, not plot observation."
RS-00014,SRC_LIT_FORESTS_HI_MANGROVE_RS_2023,"Using Medium-Resolution Remote Sensing Satellite Images to Evaluate Recent Changes and Future Development Trends of Mangrove Forests on Hainan Island, China",https://www.mdpi.com/1999-4907/14/11/2217,peer_reviewed_remote_sensing_table,REG_HI_DONGFANG,海南岛-东方,SITE_AREA,2020,2020,2020,REMOTE_SENSING_MANGROVE_AREA,remote_sensing_mangrove_area,遥感解译红树林面积,area_boundary,80.0,ha,Published Table 3 mangrove area interpreted from Landsat TM/ETM+/OLI medium-resolution satellite images.,A,0,0,satellite.public_remote_sensing_metric,remote_sensing,10,"Site-level protected-area / growth-area value; keep as regional remote-sensing statistic, not plot observation."
RS-00015,SRC_LIT_FORESTS_HI_MANGROVE_RS_2023,"Using Medium-Resolution Remote Sensing Satellite Images to Evaluate Recent Changes and Future Development Trends of Mangrove Forests on Hainan Island, China",https://www.mdpi.com/1999-4907/14/11/2217,peer_reviewed_remote_sensing_table,REG_HI_HUIWEN,海南岛-会文,SITE_AREA,1990,1990,1990,REMOTE_SENSING_MANGROVE_AREA,remote_sensing_mangrove_area,遥感解译红树林面积,area_boundary,1055.0,ha,Published Table 3 mangrove area interpreted from Landsat TM/ETM+/OLI medium-resolution satellite images.,A,0,0,satellite.public_remote_sensing_metric,remote_sensing,10,"Site-level protected-area / growth-area value; keep as regional remote-sensing statistic, not plot observation."
RS-00016,SRC_LIT_FORESTS_HI_MANGROVE_RS_2023,"Using Medium-Resolution Remote Sensing Satellite Images to Evaluate Recent Changes and Future Development Trends of Mangrove Forests on Hainan Island, China",https://www.mdpi.com/1999-4907/14/11/2217,peer_reviewed_remote_sensing_table,REG_HI_HUIWEN,海南岛-会文,SITE_AREA,1995,1995,1995,REMOTE_SENSING_MANGROVE_AREA,remote_sensing_mangrove_area,遥感解译红树林面积,area_boundary,989.0,ha,Published Table 3 mangrove area interpreted from Landsat TM/ETM+/OLI medium-resolution satellite images.,A,0,0,satellite.public_remote_sensing_metric,remote_sensing,10,"Site-level protected-area / growth-area value; keep as regional remote-sensing statistic, not plot observation."
RS-00017,SRC_LIT_FORESTS_HI_MANGROVE_RS_2023,"Using Medium-Resolution Remote Sensing Satellite Images to Evaluate Recent Changes and Future Development Trends of Mangrove Forests on Hainan Island, China",https://www.mdpi.com/1999-4907/14/11/2217,peer_reviewed_remote_sensing_table,REG_HI_HUIWEN,海南岛-会文,SITE_AREA,2000,2000,2000,REMOTE_SENSING_MANGROVE_AREA,remote_sensing_mangrove_area,遥感解译红树林面积,area_boundary,817.0,ha,Published Table 3 mangrove area interpreted from Landsat TM/ETM+/OLI medium-resolution satellite images.,A,0,0,satellite.public_remote_sensing_metric,remote_sensing,10,"Site-level protected-area / growth-area value; keep as regional remote-sensing statistic, not plot observation."
RS-00018,SRC_LIT_FORESTS_HI_MANGROVE_RS_2023,"Using Medium-Resolution Remote Sensing Satellite Images to Evaluate Recent Changes and Future Development Trends of Mangrove Forests on Hainan Island, China",https://www.mdpi.com/1999-4907/14/11/2217,peer_reviewed_remote_sensing_table,REG_HI_HUIWEN,海南岛-会文,SITE_AREA,2005,2005,2005,REMOTE_SENSING_MANGROVE_AREA,remote_sensing_mangrove_area,遥感解译红树林面积,area_boundary,826.0,ha,Published Table 3 mangrove area interpreted from Landsat TM/ETM+/OLI medium-resolution satellite images.,A,0,0,satellite.public_remote_sensing_metric,remote_sensing,10,"Site-level protected-area / growth-area value; keep as regional remote-sensing statistic, not plot observation."
RS-00019,SRC_LIT_FORESTS_HI_MANGROVE_RS_2023,"Using Medium-Resolution Remote Sensing Satellite Images to Evaluate Recent Changes and Future Development Trends of Mangrove Forests on Hainan Island, China",https://www.mdpi.com/1999-4907/14/11/2217,peer_reviewed_remote_sensing_table,REG_HI_HUIWEN,海南岛-会文,SITE_AREA,2010,2010,2010,REMOTE_SENSING_MANGROVE_AREA,remote_sensing_mangrove_area,遥感解译红树林面积,area_boundary,869.0,ha,Published Table 3 mangrove area interpreted from Landsat TM/ETM+/OLI medium-resolution satellite images.,A,0,0,satellite.public_remote_sensing_metric,remote_sensing,10,"Site-level protected-area / growth-area value; keep as regional remote-sensing statistic, not plot observation."
RS-00020,SRC_LIT_FORESTS_HI_MANGROVE_RS_2023,"Using Medium-Resolution Remote Sensing Satellite Images to Evaluate Recent Changes and Future Development Trends of Mangrove Forests on Hainan Island, China",https://www.mdpi.com/1999-4907/14/11/2217,peer_reviewed_remote_sensing_table,REG_HI_HUIWEN,海南岛-会文,SITE_AREA,2015,2015,2015,REMOTE_SENSING_MANGROVE_AREA,remote_sensing_mangrove_area,遥感解译红树林面积,area_boundary,878.0,ha,Published Table 3 mangrove area interpreted from Landsat TM/ETM+/OLI medium-resolution satellite images.,A,0,0,satellite.public_remote_sensing_metric,remote_sensing,10,"Site-level protected-area / growth-area value; keep as regional remote-sensing statistic, not plot observation."
RS-00021,SRC_LIT_FORESTS_HI_MANGROVE_RS_2023,"Using Medium-Resolution Remote Sensing Satellite Images to Evaluate Recent Changes and Future Development Trends of Mangrove Forests on Hainan Island, China",https://www.mdpi.com/1999-4907/14/11/2217,peer_reviewed_remote_sensing_table,REG_HI_HUIWEN,海南岛-会文,SITE_AREA,2020,2020,2020,REMOTE_SENSING_MANGROVE_AREA,remote_sensing_mangrove_area,遥感解译红树林面积,area_boundary,904.0,ha,Published Table 3 mangrove area interpreted from Landsat TM/ETM+/OLI medium-resolution satellite images.,A,0,0,satellite.public_remote_sensing_metric,remote_sensing,10,"Site-level protected-area / growth-area value; keep as regional remote-sensing statistic, not plot observation."
RS-00022,SRC_LIT_FORESTS_HI_MANGROVE_RS_2023,"Using Medium-Resolution Remote Sensing Satellite Images to Evaluate Recent Changes and Future Development Trends of Mangrove Forests on Hainan Island, China",https://www.mdpi.com/1999-4907/14/11/2217,peer_reviewed_remote_sensing_table,REG_HI_GUANNAN,海南岛-冠南,SITE_AREA,1990,1990,1990,REMOTE_SENSING_MANGROVE_AREA,remote_sensing_mangrove_area,遥感解译红树林面积,area_boundary,227.0,ha,Published Table 3 mangrove area interpreted from Landsat TM/ETM+/OLI medium-resolution satellite images.,A,0,0,satellite.public_remote_sensing_metric,remote_sensing,10,"Site-level protected-area / growth-area value; keep as regional remote-sensing statistic, not plot observation."
RS-00023,SRC_LIT_FORESTS_HI_MANGROVE_RS_2023,"Using Medium-Resolution Remote Sensing Satellite Images to Evaluate Recent Changes and Future Development Trends of Mangrove Forests on Hainan Island, China",https://www.mdpi.com/1999-4907/14/11/2217,peer_reviewed_remote_sensing_table,REG_HI_GUANNAN,海南岛-冠南,SITE_AREA,1995,1995,1995,REMOTE_SENSING_MANGROVE_AREA,remote_sensing_mangrove_area,遥感解译红树林面积,area_boundary,191.0,ha,Published Table 3 mangrove area interpreted from Landsat TM/ETM+/OLI medium-resolution satellite images.,A,0,0,satellite.public_remote_sensing_metric,remote_sensing,10,"Site-level protected-area / growth-area value; keep as regional remote-sensing statistic, not plot observation."
RS-00024,SRC_LIT_FORESTS_HI_MANGROVE_RS_2023,"Using Medium-Resolution Remote Sensing Satellite Images to Evaluate Recent Changes and Future Development Trends of Mangrove Forests on Hainan Island, China",https://www.mdpi.com/1999-4907/14/11/2217,peer_reviewed_remote_sensing_table,REG_HI_GUANNAN,海南岛-冠南,SITE_AREA,2000,2000,2000,REMOTE_SENSING_MANGROVE_AREA,remote_sensing_mangrove_area,遥感解译红树林面积,area_boundary,193.0,ha,Published Table 3 mangrove area interpreted from Landsat TM/ETM+/OLI medium-resolution satellite images.,A,0,0,satellite.public_remote_sensing_metric,remote_sensing,10,"Site-level protected-area / growth-area value; keep as regional remote-sensing statistic, not plot observation."
RS-00025,SRC_LIT_FORESTS_HI_MANGROVE_RS_2023,"Using Medium-Resolution Remote Sensing Satellite Images to Evaluate Recent Changes and Future Development Trends of Mangrove Forests on Hainan Island, China",https://www.mdpi.com/1999-4907/14/11/2217,peer_reviewed_remote_sensing_table,REG_HI_GUANNAN,海南岛-冠南,SITE_AREA,2005,2005,2005,REMOTE_SENSING_MANGROVE_AREA,remote_sensing_mangrove_area,遥感解译红树林面积,area_boundary,174.0,ha,Published Table 3 mangrove area interpreted from Landsat TM/ETM+/OLI medium-resolution satellite images.,A,0,0,satellite.public_remote_sensing_metric,remote_sensing,10,"Site-level protected-area / growth-area value; keep as regional remote-sensing statistic, not plot observation."
RS-00026,SRC_LIT_FORESTS_HI_MANGROVE_RS_2023,"Using Medium-Resolution Remote Sensing Satellite Images to Evaluate Recent Changes and Future Development Trends of Mangrove Forests on Hainan Island, China",https://www.mdpi.com/1999-4907/14/11/2217,peer_reviewed_remote_sensing_table,REG_HI_GUANNAN,海南岛-冠南,SITE_AREA,2010,2010,2010,REMOTE_SENSING_MANGROVE_AREA,remote_sensing_mangrove_area,遥感解译红树林面积,area_boundary,173.0,ha,Published Table 3 mangrove area interpreted from Landsat TM/ETM+/OLI medium-resolution satellite images.,A,0,0,satellite.public_remote_sensing_metric,remote_sensing,10,"Site-level protected-area / growth-area value; keep as regional remote-sensing statistic, not plot observation."
RS-00027,SRC_LIT_FORESTS_HI_MANGROVE_RS_2023,"Using Medium-Resolution Remote Sensing Satellite Images to Evaluate Recent Changes and Future Development Trends of Mangrove Forests on Hainan Island, China",https://www.mdpi.com/1999-4907/14/11/2217,peer_reviewed_remote_sensing_table,REG_HI_GUANNAN,海南岛-冠南,SITE_AREA,2015,2015,2015,REMOTE_SENSING_MANGROVE_AREA,remote_sensing_mangrove_area,遥感解译红树林面积,area_boundary,156.0,ha,Published Table 3 mangrove area interpreted from Landsat TM/ETM+/OLI medium-resolution satellite images.,A,0,0,satellite.public_remote_sensing_metric,remote_sensing,10,"Site-level protected-area / growth-area value; keep as regional remote-sensing statistic, not plot observation."
RS-00028,SRC_LIT_FORESTS_HI_MANGROVE_RS_2023,"Using Medium-Resolution Remote Sensing Satellite Images to Evaluate Recent Changes and Future Development Trends of Mangrove Forests on Hainan Island, China",https://www.mdpi.com/1999-4907/14/11/2217,peer_reviewed_remote_sensing_table,REG_HI_GUANNAN,海南岛-冠南,SITE_AREA,2020,2020,2020,REMOTE_SENSING_MANGROVE_AREA,remote_sensing_mangrove_area,遥感解译红树林面积,area_boundary,167.0,ha,Published Table 3 mangrove area interpreted from Landsat TM/ETM+/OLI medium-resolution satellite images.,A,0,0,satellite.public_remote_sensing_metric,remote_sensing,10,"Site-level protected-area / growth-area value; keep as regional remote-sensing statistic, not plot observation."
RS-00029,SRC_LIT_FORESTS_HI_MANGROVE_RS_2023,"Using Medium-Resolution Remote Sensing Satellite Images to Evaluate Recent Changes and Future Development Trends of Mangrove Forests on Hainan Island, China",https://www.mdpi.com/1999-4907/14/11/2217,peer_reviewed_remote_sensing_table,REG_HI_XINYINGGANG,海南岛-新英港,SITE_AREA,1990,1990,1990,REMOTE_SENSING_MANGROVE_AREA,remote_sensing_mangrove_area,遥感解译红树林面积,area_boundary,328.0,ha,Published Table 3 mangrove area interpreted from Landsat TM/ETM+/OLI medium-resolution satellite images.,A,0,0,satellite.public_remote_sensing_metric,remote_sensing,10,"Site-level protected-area / growth-area value; keep as regional remote-sensing statistic, not plot observation."
RS-00030,SRC_LIT_FORESTS_HI_MANGROVE_RS_2023,"Using Medium-Resolution Remote Sensing Satellite Images to Evaluate Recent Changes and Future Development Trends of Mangrove Forests on Hainan Island, China",https://www.mdpi.com/1999-4907/14/11/2217,peer_reviewed_remote_sensing_table,REG_HI_XINYINGGANG,海南岛-新英港,SITE_AREA,1995,1995,1995,REMOTE_SENSING_MANGROVE_AREA,remote_sensing_mangrove_area,遥感解译红树林面积,area_boundary,301.0,ha,Published Table 3 mangrove area interpreted from Landsat TM/ETM+/OLI medium-resolution satellite images.,A,0,0,satellite.public_remote_sensing_metric,remote_sensing,10,"Site-level protected-area / growth-area value; keep as regional remote-sensing statistic, not plot observation."
RS-00031,SRC_LIT_FORESTS_HI_MANGROVE_RS_2023,"Using Medium-Resolution Remote Sensing Satellite Images to Evaluate Recent Changes and Future Development Trends of Mangrove Forests on Hainan Island, China",https://www.mdpi.com/1999-4907/14/11/2217,peer_reviewed_remote_sensing_table,REG_HI_XINYINGGANG,海南岛-新英港,SITE_AREA,2000,2000,2000,REMOTE_SENSING_MANGROVE_AREA,remote_sensing_mangrove_area,遥感解译红树林面积,area_boundary,289.0,ha,Published Table 3 mangrove area interpreted from Landsat TM/ETM+/OLI medium-resolution satellite images.,A,0,0,satellite.public_remote_sensing_metric,remote_sensing,10,"Site-level protected-area / growth-area value; keep as regional remote-sensing statistic, not plot observation."
RS-00032,SRC_LIT_FORESTS_HI_MANGROVE_RS_2023,"Using Medium-Resolution Remote Sensing Satellite Images to Evaluate Recent Changes and Future Development Trends of Mangrove Forests on Hainan Island, China",https://www.mdpi.com/1999-4907/14/11/2217,peer_reviewed_remote_sensing_table,REG_HI_XINYINGGANG,海南岛-新英港,SITE_AREA,2005,2005,2005,REMOTE_SENSING_MANGROVE_AREA,remote_sensing_mangrove_area,遥感解译红树林面积,area_boundary,230.0,ha,Published Table 3 mangrove area interpreted from Landsat TM/ETM+/OLI medium-resolution satellite images.,A,0,0,satellite.public_remote_sensing_metric,remote_sensing,10,"Site-level protected-area / growth-area value; keep as regional remote-sensing statistic, not plot observation."
RS-00033,SRC_LIT_FORESTS_HI_MANGROVE_RS_2023,"Using Medium-Resolution Remote Sensing Satellite Images to Evaluate Recent Changes and Future Development Trends of Mangrove Forests on Hainan Island, China",https://www.mdpi.com/1999-4907/14/11/2217,peer_reviewed_remote_sensing_table,REG_HI_XINYINGGANG,海南岛-新英港,SITE_AREA,2010,2010,2010,REMOTE_SENSING_MANGROVE_AREA,remote_sensing_mangrove_area,遥感解译红树林面积,area_boundary,273.0,ha,Published Table 3 mangrove area interpreted from Landsat TM/ETM+/OLI medium-resolution satellite images.,A,0,0,satellite.public_remote_sensing_metric,remote_sensing,10,"Site-level protected-area / growth-area value; keep as regional remote-sensing statistic, not plot observation."
RS-00034,SRC_LIT_FORESTS_HI_MANGROVE_RS_2023,"Using Medium-Resolution Remote Sensing Satellite Images to Evaluate Recent Changes and Future Development Trends of Mangrove Forests on Hainan Island, China",https://www.mdpi.com/1999-4907/14/11/2217,peer_reviewed_remote_sensing_table,REG_HI_XINYINGGANG,海南岛-新英港,SITE_AREA,2015,2015,2015,REMOTE_SENSING_MANGROVE_AREA,remote_sensing_mangrove_area,遥感解译红树林面积,area_boundary,290.0,ha,Published Table 3 mangrove area interpreted from Landsat TM/ETM+/OLI medium-resolution satellite images.,A,0,0,satellite.public_remote_sensing_metric,remote_sensing,10,"Site-level protected-area / growth-area value; keep as regional remote-sensing statistic, not plot observation."
RS-00035,SRC_LIT_FORESTS_HI_MANGROVE_RS_2023,"Using Medium-Resolution Remote Sensing Satellite Images to Evaluate Recent Changes and Future Development Trends of Mangrove Forests on Hainan Island, China",https://www.mdpi.com/1999-4907/14/11/2217,peer_reviewed_remote_sensing_table,REG_HI_XINYINGGANG,海南岛-新英港,SITE_AREA,2020,2020,2020,REMOTE_SENSING_MANGROVE_AREA,remote_sensing_mangrove_area,遥感解译红树林面积,area_boundary,298.0,ha,Published Table 3 mangrove area interpreted from Landsat TM/ETM+/OLI medium-resolution satellite images.,A,0,0,satellite.public_remote_sensing_metric,remote_sensing,10,"Site-level protected-area / growth-area value; keep as regional remote-sensing statistic, not plot observation."
RS-00036,SRC_LIT_FORESTS_HI_MANGROVE_RS_2023,"Using Medium-Resolution Remote Sensing Satellite Images to Evaluate Recent Changes and Future Development Trends of Mangrove Forests on Hainan Island, China",https://www.mdpi.com/1999-4907/14/11/2217,peer_reviewed_remote_sensing_table,REG_HI_YANGPUGANG,海南岛-洋浦港,SITE_AREA,1990,1990,1990,REMOTE_SENSING_MANGROVE_AREA,remote_sensing_mangrove_area,遥感解译红树林面积,area_boundary,747.0,ha,Published Table 3 mangrove area interpreted from Landsat TM/ETM+/OLI medium-resolution satellite images.,A,0,0,satellite.public_remote_sensing_metric,remote_sensing,10,"Site-level protected-area / growth-area value; keep as regional remote-sensing statistic, not plot observation."
RS-00037,SRC_LIT_FORESTS_HI_MANGROVE_RS_2023,"Using Medium-Resolution Remote Sensing Satellite Images to Evaluate Recent Changes and Future Development Trends of Mangrove Forests on Hainan Island, China",https://www.mdpi.com/1999-4907/14/11/2217,peer_reviewed_remote_sensing_table,REG_HI_YANGPUGANG,海南岛-洋浦港,SITE_AREA,1995,1995,1995,REMOTE_SENSING_MANGROVE_AREA,remote_sensing_mangrove_area,遥感解译红树林面积,area_boundary,730.0,ha,Published Table 3 mangrove area interpreted from Landsat TM/ETM+/OLI medium-resolution satellite images.,A,0,0,satellite.public_remote_sensing_metric,remote_sensing,10,"Site-level protected-area / growth-area value; keep as regional remote-sensing statistic, not plot observation."
RS-00038,SRC_LIT_FORESTS_HI_MANGROVE_RS_2023,"Using Medium-Resolution Remote Sensing Satellite Images to Evaluate Recent Changes and Future Development Trends of Mangrove Forests on Hainan Island, China",https://www.mdpi.com/1999-4907/14/11/2217,peer_reviewed_remote_sensing_table,REG_HI_YANGPUGANG,海南岛-洋浦港,SITE_AREA,2000,2000,2000,REMOTE_SENSING_MANGROVE_AREA,remote_sensing_mangrove_area,遥感解译红树林面积,area_boundary,498.0,ha,Published Table 3 mangrove area interpreted from Landsat TM/ETM+/OLI medium-resolution satellite images.,A,0,0,satellite.public_remote_sensing_metric,remote_sensing,10,"Site-level protected-area / growth-area value; keep as regional remote-sensing statistic, not plot observation."
RS-00039,SRC_LIT_FORESTS_HI_MANGROVE_RS_2023,"Using Medium-Resolution Remote Sensing Satellite Images to Evaluate Recent Changes and Future Development Trends of Mangrove Forests on Hainan Island, China",https://www.mdpi.com/1999-4907/14/11/2217,peer_reviewed_remote_sensing_table,REG_HI_YANGPUGANG,海南岛-洋浦港,SITE_AREA,2005,2005,2005,REMOTE_SENSING_MANGROVE_AREA,remote_sensing_mangrove_area,遥感解译红树林面积,area_boundary,492.0,ha,Published Table 3 mangrove area interpreted from Landsat TM/ETM+/OLI medium-resolution satellite images.,A,0,0,satellite.public_remote_sensing_metric,remote_sensing,10,"Site-level protected-area / growth-area value; keep as regional remote-sensing statistic, not plot observation."
RS-00040,SRC_LIT_FORESTS_HI_MANGROVE_RS_2023,"Using Medium-Resolution Remote Sensing Satellite Images to Evaluate Recent Changes and Future Development Trends of Mangrove Forests on Hainan Island, China",https://www.mdpi.com/1999-4907/14/11/2217,peer_reviewed_remote_sensing_table,REG_HI_YANGPUGANG,海南岛-洋浦港,SITE_AREA,2010,2010,2010,REMOTE_SENSING_MANGROVE_AREA,remote_sensing_mangrove_area,遥感解译红树林面积,area_boundary,609.0,ha,Published Table 3 mangrove area interpreted from Landsat TM/ETM+/OLI medium-resolution satellite images.,A,0,0,satellite.public_remote_sensing_metric,remote_sensing,10,"Site-level protected-area / growth-area value; keep as regional remote-sensing statistic, not plot observation."
RS-00041,SRC_LIT_FORESTS_HI_MANGROVE_RS_2023,"Using Medium-Resolution Remote Sensing Satellite Images to Evaluate Recent Changes and Future Development Trends of Mangrove Forests on Hainan Island, China",https://www.mdpi.com/1999-4907/14/11/2217,peer_reviewed_remote_sensing_table,REG_HI_YANGPUGANG,海南岛-洋浦港,SITE_AREA,2015,2015,2015,REMOTE_SENSING_MANGROVE_AREA,remote_sensing_mangrove_area,遥感解译红树林面积,area_boundary,627.0,ha,Published Table 3 mangrove area interpreted from Landsat TM/ETM+/OLI medium-resolution satellite images.,A,0,0,satellite.public_remote_sensing_metric,remote_sensing,10,"Site-level protected-area / growth-area value; keep as regional remote-sensing statistic, not plot observation."
RS-00042,SRC_LIT_FORESTS_HI_MANGROVE_RS_2023,"Using Medium-Resolution Remote Sensing Satellite Images to Evaluate Recent Changes and Future Development Trends of Mangrove Forests on Hainan Island, China",https://www.mdpi.com/1999-4907/14/11/2217,peer_reviewed_remote_sensing_table,REG_HI_YANGPUGANG,海南岛-洋浦港,SITE_AREA,2020,2020,2020,REMOTE_SENSING_MANGROVE_AREA,remote_sensing_mangrove_area,遥感解译红树林面积,area_boundary,682.0,ha,Published Table 3 mangrove area interpreted from Landsat TM/ETM+/OLI medium-resolution satellite images.,A,0,0,satellite.public_remote_sensing_metric,remote_sensing,10,"Site-level protected-area / growth-area value; keep as regional remote-sensing statistic, not plot observation."
RS-00043,SRC_LIT_FORESTS_HI_MANGROVE_RS_2023,"Using Medium-Resolution Remote Sensing Satellite Images to Evaluate Recent Changes and Future Development Trends of Mangrove Forests on Hainan Island, China",https://www.mdpi.com/1999-4907/14/11/2217,peer_reviewed_remote_sensing_table,REG_HI_HUACHANGWAN,海南岛-花场湾,SITE_AREA,1990,1990,1990,REMOTE_SENSING_MANGROVE_AREA,remote_sensing_mangrove_area,遥感解译红树林面积,area_boundary,355.0,ha,Published Table 3 mangrove area interpreted from Landsat TM/ETM+/OLI medium-resolution satellite images.,A,0,0,satellite.public_remote_sensing_metric,remote_sensing,10,"Site-level protected-area / growth-area value; keep as regional remote-sensing statistic, not plot observation."
RS-00044,SRC_LIT_FORESTS_HI_MANGROVE_RS_2023,"Using Medium-Resolution Remote Sensing Satellite Images to Evaluate Recent Changes and Future Development Trends of Mangrove Forests on Hainan Island, China",https://www.mdpi.com/1999-4907/14/11/2217,peer_reviewed_remote_sensing_table,REG_HI_HUACHANGWAN,海南岛-花场湾,SITE_AREA,1995,1995,1995,REMOTE_SENSING_MANGROVE_AREA,remote_sensing_mangrove_area,遥感解译红树林面积,area_boundary,300.0,ha,Published Table 3 mangrove area interpreted from Landsat TM/ETM+/OLI medium-resolution satellite images.,A,0,0,satellite.public_remote_sensing_metric,remote_sensing,10,"Site-level protected-area / growth-area value; keep as regional remote-sensing statistic, not plot observation."
RS-00045,SRC_LIT_FORESTS_HI_MANGROVE_RS_2023,"Using Medium-Resolution Remote Sensing Satellite Images to Evaluate Recent Changes and Future Development Trends of Mangrove Forests on Hainan Island, China",https://www.mdpi.com/1999-4907/14/11/2217,peer_reviewed_remote_sensing_table,REG_HI_HUACHANGWAN,海南岛-花场湾,SITE_AREA,2000,2000,2000,REMOTE_SENSING_MANGROVE_AREA,remote_sensing_mangrove_area,遥感解译红树林面积,area_boundary,234.0,ha,Published Table 3 mangrove area interpreted from Landsat TM/ETM+/OLI medium-resolution satellite images.,A,0,0,satellite.public_remote_sensing_metric,remote_sensing,10,"Site-level protected-area / growth-area value; keep as regional remote-sensing statistic, not plot observation."
RS-00046,SRC_LIT_FORESTS_HI_MANGROVE_RS_2023,"Using Medium-Resolution Remote Sensing Satellite Images to Evaluate Recent Changes and Future Development Trends of Mangrove Forests on Hainan Island, China",https://www.mdpi.com/1999-4907/14/11/2217,peer_reviewed_remote_sensing_table,REG_HI_HUACHANGWAN,海南岛-花场湾,SITE_AREA,2005,2005,2005,REMOTE_SENSING_MANGROVE_AREA,remote_sensing_mangrove_area,遥感解译红树林面积,area_boundary,220.0,ha,Published Table 3 mangrove area interpreted from Landsat TM/ETM+/OLI medium-resolution satellite images.,A,0,0,satellite.public_remote_sensing_metric,remote_sensing,10,"Site-level protected-area / growth-area value; keep as regional remote-sensing statistic, not plot observation."
RS-00047,SRC_LIT_FORESTS_HI_MANGROVE_RS_2023,"Using Medium-Resolution Remote Sensing Satellite Images to Evaluate Recent Changes and Future Development Trends of Mangrove Forests on Hainan Island, China",https://www.mdpi.com/1999-4907/14/11/2217,peer_reviewed_remote_sensing_table,REG_HI_HUACHANGWAN,海南岛-花场湾,SITE_AREA,2010,2010,2010,REMOTE_SENSING_MANGROVE_AREA,remote_sensing_mangrove_area,遥感解译红树林面积,area_boundary,367.0,ha,Published Table 3 mangrove area interpreted from Landsat TM/ETM+/OLI medium-resolution satellite images.,A,0,0,satellite.public_remote_sensing_metric,remote_sensing,10,"Site-level protected-area / growth-area value; keep as regional remote-sensing statistic, not plot observation."
RS-00048,SRC_LIT_FORESTS_HI_MANGROVE_RS_2023,"Using Medium-Resolution Remote Sensing Satellite Images to Evaluate Recent Changes and Future Development Trends of Mangrove Forests on Hainan Island, China",https://www.mdpi.com/1999-4907/14/11/2217,peer_reviewed_remote_sensing_table,REG_HI_HUACHANGWAN,海南岛-花场湾,SITE_AREA,2015,2015,2015,REMOTE_SENSING_MANGROVE_AREA,remote_sensing_mangrove_area,遥感解译红树林面积,area_boundary,334.0,ha,Published Table 3 mangrove area interpreted from Landsat TM/ETM+/OLI medium-resolution satellite images.,A,0,0,satellite.public_remote_sensing_metric,remote_sensing,10,"Site-level protected-area / growth-area value; keep as regional remote-sensing statistic, not plot observation."
RS-00049,SRC_LIT_FORESTS_HI_MANGROVE_RS_2023,"Using Medium-Resolution Remote Sensing Satellite Images to Evaluate Recent Changes and Future Development Trends of Mangrove Forests on Hainan Island, China",https://www.mdpi.com/1999-4907/14/11/2217,peer_reviewed_remote_sensing_table,REG_HI_HUACHANGWAN,海南岛-花场湾,SITE_AREA,2020,2020,2020,REMOTE_SENSING_MANGROVE_AREA,remote_sensing_mangrove_area,遥感解译红树林面积,area_boundary,327.0,ha,Published Table 3 mangrove area interpreted from Landsat TM/ETM+/OLI medium-resolution satellite images.,A,0,0,satellite.public_remote_sensing_metric,remote_sensing,10,"Site-level protected-area / growth-area value; keep as regional remote-sensing statistic, not plot observation."
RS-00050,SRC_LIT_FORESTS_HI_MANGROVE_RS_2023,"Using Medium-Resolution Remote Sensing Satellite Images to Evaluate Recent Changes and Future Development Trends of Mangrove Forests on Hainan Island, China",https://www.mdpi.com/1999-4907/14/11/2217,peer_reviewed_remote_sensing_table,REG_HI_PUQIAN,海南岛-铺前,SITE_AREA,1990,1990,1990,REMOTE_SENSING_MANGROVE_AREA,remote_sensing_mangrove_area,遥感解译红树林面积,area_boundary,170.0,ha,Published Table 3 mangrove area interpreted from Landsat TM/ETM+/OLI medium-resolution satellite images.,A,0,0,satellite.public_remote_sensing_metric,remote_sensing,10,"Site-level protected-area / growth-area value; keep as regional remote-sensing statistic, not plot observation."
RS-00051,SRC_LIT_FORESTS_HI_MANGROVE_RS_2023,"Using Medium-Resolution Remote Sensing Satellite Images to Evaluate Recent Changes and Future Development Trends of Mangrove Forests on Hainan Island, China",https://www.mdpi.com/1999-4907/14/11/2217,peer_reviewed_remote_sensing_table,REG_HI_PUQIAN,海南岛-铺前,SITE_AREA,1995,1995,1995,REMOTE_SENSING_MANGROVE_AREA,remote_sensing_mangrove_area,遥感解译红树林面积,area_boundary,167.0,ha,Published Table 3 mangrove area interpreted from Landsat TM/ETM+/OLI medium-resolution satellite images.,A,0,0,satellite.public_remote_sensing_metric,remote_sensing,10,"Site-level protected-area / growth-area value; keep as regional remote-sensing statistic, not plot observation."
RS-00052,SRC_LIT_FORESTS_HI_MANGROVE_RS_2023,"Using Medium-Resolution Remote Sensing Satellite Images to Evaluate Recent Changes and Future Development Trends of Mangrove Forests on Hainan Island, China",https://www.mdpi.com/1999-4907/14/11/2217,peer_reviewed_remote_sensing_table,REG_HI_PUQIAN,海南岛-铺前,SITE_AREA,2000,2000,2000,REMOTE_SENSING_MANGROVE_AREA,remote_sensing_mangrove_area,遥感解译红树林面积,area_boundary,147.0,ha,Published Table 3 mangrove area interpreted from Landsat TM/ETM+/OLI medium-resolution satellite images.,A,0,0,satellite.public_remote_sensing_metric,remote_sensing,10,"Site-level protected-area / growth-area value; keep as regional remote-sensing statistic, not plot observation."
RS-00053,SRC_LIT_FORESTS_HI_MANGROVE_RS_2023,"Using Medium-Resolution Remote Sensing Satellite Images to Evaluate Recent Changes and Future Development Trends of Mangrove Forests on Hainan Island, China",https://www.mdpi.com/1999-4907/14/11/2217,peer_reviewed_remote_sensing_table,REG_HI_PUQIAN,海南岛-铺前,SITE_AREA,2005,2005,2005,REMOTE_SENSING_MANGROVE_AREA,remote_sensing_mangrove_area,遥感解译红树林面积,area_boundary,145.0,ha,Published Table 3 mangrove area interpreted from Landsat TM/ETM+/OLI medium-resolution satellite images.,A,0,0,satellite.public_remote_sensing_metric,remote_sensing,10,"Site-level protected-area / growth-area value; keep as regional remote-sensing statistic, not plot observation."
RS-00054,SRC_LIT_FORESTS_HI_MANGROVE_RS_2023,"Using Medium-Resolution Remote Sensing Satellite Images to Evaluate Recent Changes and Future Development Trends of Mangrove Forests on Hainan Island, China",https://www.mdpi.com/1999-4907/14/11/2217,peer_reviewed_remote_sensing_table,REG_HI_PUQIAN,海南岛-铺前,SITE_AREA,2010,2010,2010,REMOTE_SENSING_MANGROVE_AREA,remote_sensing_mangrove_area,遥感解译红树林面积,area_boundary,160.0,ha,Published Table 3 mangrove area interpreted from Landsat TM/ETM+/OLI medium-resolution satellite images.,A,0,0,satellite.public_remote_sensing_metric,remote_sensing,10,"Site-level protected-area / growth-area value; keep as regional remote-sensing statistic, not plot observation."
RS-00055,SRC_LIT_FORESTS_HI_MANGROVE_RS_2023,"Using Medium-Resolution Remote Sensing Satellite Images to Evaluate Recent Changes and Future Development Trends of Mangrove Forests on Hainan Island, China",https://www.mdpi.com/1999-4907/14/11/2217,peer_reviewed_remote_sensing_table,REG_HI_PUQIAN,海南岛-铺前,SITE_AREA,2015,2015,2015,REMOTE_SENSING_MANGROVE_AREA,remote_sensing_mangrove_area,遥感解译红树林面积,area_boundary,138.0,ha,Published Table 3 mangrove area interpreted from Landsat TM/ETM+/OLI medium-resolution satellite images.,A,0,0,satellite.public_remote_sensing_metric,remote_sensing,10,"Site-level protected-area / growth-area value; keep as regional remote-sensing statistic, not plot observation."
RS-00056,SRC_LIT_FORESTS_HI_MANGROVE_RS_2023,"Using Medium-Resolution Remote Sensing Satellite Images to Evaluate Recent Changes and Future Development Trends of Mangrove Forests on Hainan Island, China",https://www.mdpi.com/1999-4907/14/11/2217,peer_reviewed_remote_sensing_table,REG_HI_PUQIAN,海南岛-铺前,SITE_AREA,2020,2020,2020,REMOTE_SENSING_MANGROVE_AREA,remote_sensing_mangrove_area,遥感解译红树林面积,area_boundary,141.0,ha,Published Table 3 mangrove area interpreted from Landsat TM/ETM+/OLI medium-resolution satellite images.,A,0,0,satellite.public_remote_sensing_metric,remote_sensing,10,"Site-level protected-area / growth-area value; keep as regional remote-sensing statistic, not plot observation."
RS-00057,SRC_LIT_FORESTS_HI_MANGROVE_RS_2023,"Using Medium-Resolution Remote Sensing Satellite Images to Evaluate Recent Changes and Future Development Trends of Mangrove Forests on Hainan Island, China",https://www.mdpi.com/1999-4907/14/11/2217,peer_reviewed_remote_sensing_table,REG_HI_MANIAOGANG,海南岛-马袅港,SITE_AREA,1990,1990,1990,REMOTE_SENSING_MANGROVE_AREA,remote_sensing_mangrove_area,遥感解译红树林面积,area_boundary,55.0,ha,Published Table 3 mangrove area interpreted from Landsat TM/ETM+/OLI medium-resolution satellite images.,A,0,0,satellite.public_remote_sensing_metric,remote_sensing,10,"Site-level protected-area / growth-area value; keep as regional remote-sensing statistic, not plot observation."
RS-00058,SRC_LIT_FORESTS_HI_MANGROVE_RS_2023,"Using Medium-Resolution Remote Sensing Satellite Images to Evaluate Recent Changes and Future Development Trends of Mangrove Forests on Hainan Island, China",https://www.mdpi.com/1999-4907/14/11/2217,peer_reviewed_remote_sensing_table,REG_HI_MANIAOGANG,海南岛-马袅港,SITE_AREA,1995,1995,1995,REMOTE_SENSING_MANGROVE_AREA,remote_sensing_mangrove_area,遥感解译红树林面积,area_boundary,30.0,ha,Published Table 3 mangrove area interpreted from Landsat TM/ETM+/OLI medium-resolution satellite images.,A,0,0,satellite.public_remote_sensing_metric,remote_sensing,10,"Site-level protected-area / growth-area value; keep as regional remote-sensing statistic, not plot observation."
RS-00059,SRC_LIT_FORESTS_HI_MANGROVE_RS_2023,"Using Medium-Resolution Remote Sensing Satellite Images to Evaluate Recent Changes and Future Development Trends of Mangrove Forests on Hainan Island, China",https://www.mdpi.com/1999-4907/14/11/2217,peer_reviewed_remote_sensing_table,REG_HI_MANIAOGANG,海南岛-马袅港,SITE_AREA,2000,2000,2000,REMOTE_SENSING_MANGROVE_AREA,remote_sensing_mangrove_area,遥感解译红树林面积,area_boundary,46.0,ha,Published Table 3 mangrove area interpreted from Landsat TM/ETM+/OLI medium-resolution satellite images.,A,0,0,satellite.public_remote_sensing_metric,remote_sensing,10,"Site-level protected-area / growth-area value; keep as regional remote-sensing statistic, not plot observation."
RS-00060,SRC_LIT_FORESTS_HI_MANGROVE_RS_2023,"Using Medium-Resolution Remote Sensing Satellite Images to Evaluate Recent Changes and Future Development Trends of Mangrove Forests on Hainan Island, China",https://www.mdpi.com/1999-4907/14/11/2217,peer_reviewed_remote_sensing_table,REG_HI_MANIAOGANG,海南岛-马袅港,SITE_AREA,2005,2005,2005,REMOTE_SENSING_MANGROVE_AREA,remote_sensing_mangrove_area,遥感解译红树林面积,area_boundary,50.0,ha,Published Table 3 mangrove area interpreted from Landsat TM/ETM+/OLI medium-resolution satellite images.,A,0,0,satellite.public_remote_sensing_metric,remote_sensing,10,"Site-level protected-area / growth-area value; keep as regional remote-sensing statistic, not plot observation."
RS-00061,SRC_LIT_FORESTS_HI_MANGROVE_RS_2023,"Using Medium-Resolution Remote Sensing Satellite Images to Evaluate Recent Changes and Future Development Trends of Mangrove Forests on Hainan Island, China",https://www.mdpi.com/1999-4907/14/11/2217,peer_reviewed_remote_sensing_table,REG_HI_MANIAOGANG,海南岛-马袅港,SITE_AREA,2010,2010,2010,REMOTE_SENSING_MANGROVE_AREA,remote_sensing_mangrove_area,遥感解译红树林面积,area_boundary,192.0,ha,Published Table 3 mangrove area interpreted from Landsat TM/ETM+/OLI medium-resolution satellite images.,A,0,0,satellite.public_remote_sensing_metric,remote_sensing,10,"Site-level protected-area / growth-area value; keep as regional remote-sensing statistic, not plot observation."
RS-00062,SRC_LIT_FORESTS_HI_MANGROVE_RS_2023,"Using Medium-Resolution Remote Sensing Satellite Images to Evaluate Recent Changes and Future Development Trends of Mangrove Forests on Hainan Island, China",https://www.mdpi.com/1999-4907/14/11/2217,peer_reviewed_remote_sensing_table,REG_HI_MANIAOGANG,海南岛-马袅港,SITE_AREA,2015,2015,2015,REMOTE_SENSING_MANGROVE_AREA,remote_sensing_mangrove_area,遥感解译红树林面积,area_boundary,112.0,ha,Published Table 3 mangrove area interpreted from Landsat TM/ETM+/OLI medium-resolution satellite images.,A,0,0,satellite.public_remote_sensing_metric,remote_sensing,10,"Site-level protected-area / growth-area value; keep as regional remote-sensing statistic, not plot observation."
RS-00063,SRC_LIT_FORESTS_HI_MANGROVE_RS_2023,"Using Medium-Resolution Remote Sensing Satellite Images to Evaluate Recent Changes and Future Development Trends of Mangrove Forests on Hainan Island, China",https://www.mdpi.com/1999-4907/14/11/2217,peer_reviewed_remote_sensing_table,REG_HI_MANIAOGANG,海南岛-马袅港,SITE_AREA,2020,2020,2020,REMOTE_SENSING_MANGROVE_AREA,remote_sensing_mangrove_area,遥感解译红树林面积,area_boundary,124.0,ha,Published Table 3 mangrove area interpreted from Landsat TM/ETM+/OLI medium-resolution satellite images.,A,0,0,satellite.public_remote_sensing_metric,remote_sensing,10,"Site-level protected-area / growth-area value; keep as regional remote-sensing statistic, not plot observation."
RS-00064,SRC_LIT_FRONTIERS_HI_LULC_INVEST_2024,The impact of land use change on carbon storage and multi-scenario prediction in Hainan Island using InVEST and CA-Markov models,https://www.frontiersin.org/journals/forests-and-global-change/articles/10.3389/ffgc.2024.1349057/full,peer_reviewed_remote_sensing_model_table,REG_HI_ISLAND,海南岛,PROVINCE,2000,2000,2000,CROPLAND_AREA,cropland_area,cropland area,area_boundary,9008.65,km2,Published Table 4 land-use area derived from remote-sensing land-use maps.,A,0,0,satellite.public_remote_sensing_metric,remote_sensing,10,Regional LULC covariate for blue-carbon model context.
RS-00065,SRC_LIT_FRONTIERS_HI_LULC_INVEST_2024,The impact of land use change on carbon storage and multi-scenario prediction in Hainan Island using InVEST and CA-Markov models,https://www.frontiersin.org/journals/forests-and-global-change/articles/10.3389/ffgc.2024.1349057/full,peer_reviewed_remote_sensing_model_table,REG_HI_ISLAND,海南岛,PROVINCE,2000,2000,2000,FORESTLAND_AREA,forestland_area,forestland area,area_boundary,21819.14,km2,Published Table 4 land-use area derived from remote-sensing land-use maps.,A,0,0,satellite.public_remote_sensing_metric,remote_sensing,10,Regional LULC covariate for blue-carbon model context.
RS-00066,SRC_LIT_FRONTIERS_HI_LULC_INVEST_2024,The impact of land use change on carbon storage and multi-scenario prediction in Hainan Island using InVEST and CA-Markov models,https://www.frontiersin.org/journals/forests-and-global-change/articles/10.3389/ffgc.2024.1349057/full,peer_reviewed_remote_sensing_model_table,REG_HI_ISLAND,海南岛,PROVINCE,2000,2000,2000,GRASSLAND_AREA,grassland_area,grassland area,area_boundary,1234.45,km2,Published Table 4 land-use area derived from remote-sensing land-use maps.,A,0,0,satellite.public_remote_sensing_metric,remote_sensing,10,Regional LULC covariate for blue-carbon model context.
RS-00067,SRC_LIT_FRONTIERS_HI_LULC_INVEST_2024,The impact of land use change on carbon storage and multi-scenario prediction in Hainan Island using InVEST and CA-Markov models,https://www.frontiersin.org/journals/forests-and-global-change/articles/10.3389/ffgc.2024.1349057/full,peer_reviewed_remote_sensing_model_table,REG_HI_ISLAND,海南岛,PROVINCE,2000,2000,2000,WATER_LAND_AREA,water_land_area,water land area,area_boundary,1281.41,km2,Published Table 4 land-use area derived from remote-sensing land-use maps.,A,0,0,satellite.public_remote_sensing_metric,remote_sensing,10,Regional LULC covariate for blue-carbon model context.
RS-00068,SRC_LIT_FRONTIERS_HI_LULC_INVEST_2024,The impact of land use change on carbon storage and multi-scenario prediction in Hainan Island using InVEST and CA-Markov models,https://www.frontiersin.org/journals/forests-and-global-change/articles/10.3389/ffgc.2024.1349057/full,peer_reviewed_remote_sensing_model_table,REG_HI_ISLAND,海南岛,PROVINCE,2000,2000,2000,BUILT_LAND_AREA,built_land_area,built land area,area_boundary,785.87,km2,Published Table 4 land-use area derived from remote-sensing land-use maps.,A,0,0,satellite.public_remote_sensing_metric,remote_sensing,10,Regional LULC covariate for blue-carbon model context.
RS-00069,SRC_LIT_FRONTIERS_HI_LULC_INVEST_2024,The impact of land use change on carbon storage and multi-scenario prediction in Hainan Island using InVEST and CA-Markov models,https://www.frontiersin.org/journals/forests-and-global-change/articles/10.3389/ffgc.2024.1349057/full,peer_reviewed_remote_sensing_model_table,REG_HI_ISLAND,海南岛,PROVINCE,2000,2000,2000,UNUSED_LAND_AREA,unused_land_area,unused land area,area_boundary,141.25,km2,Published Table 4 land-use area derived from remote-sensing land-use maps.,A,0,0,satellite.public_remote_sensing_metric,remote_sensing,10,Regional LULC covariate for blue-carbon model context.
RS-00070,SRC_LIT_FRONTIERS_HI_LULC_INVEST_2024,The impact of land use change on carbon storage and multi-scenario prediction in Hainan Island using InVEST and CA-Markov models,https://www.frontiersin.org/journals/forests-and-global-change/articles/10.3389/ffgc.2024.1349057/full,peer_reviewed_remote_sensing_model_table,REG_HI_ISLAND,海南岛,PROVINCE,2010,2010,2010,CROPLAND_AREA,cropland_area,cropland area,area_boundary,8891.93,km2,Published Table 4 land-use area derived from remote-sensing land-use maps.,A,0,0,satellite.public_remote_sensing_metric,remote_sensing,10,Regional LULC covariate for blue-carbon model context.
RS-00071,SRC_LIT_FRONTIERS_HI_LULC_INVEST_2024,The impact of land use change on carbon storage and multi-scenario prediction in Hainan Island using InVEST and CA-Markov models,https://www.frontiersin.org/journals/forests-and-global-change/articles/10.3389/ffgc.2024.1349057/full,peer_reviewed_remote_sensing_model_table,REG_HI_ISLAND,海南岛,PROVINCE,2010,2010,2010,FORESTLAND_AREA,forestland_area,forestland area,area_boundary,21742.29,km2,Published Table 4 land-use area derived from remote-sensing land-use maps.,A,0,0,satellite.public_remote_sensing_metric,remote_sensing,10,Regional LULC covariate for blue-carbon model context.
RS-00072,SRC_LIT_FRONTIERS_HI_LULC_INVEST_2024,The impact of land use change on carbon storage and multi-scenario prediction in Hainan Island using InVEST and CA-Markov models,https://www.frontiersin.org/journals/forests-and-global-change/articles/10.3389/ffgc.2024.1349057/full,peer_reviewed_remote_sensing_model_table,REG_HI_ISLAND,海南岛,PROVINCE,2010,2010,2010,GRASSLAND_AREA,grassland_area,grassland area,area_boundary,1135.91,km2,Published Table 4 land-use area derived from remote-sensing land-use maps.,A,0,0,satellite.public_remote_sensing_metric,remote_sensing,10,Regional LULC covariate for blue-carbon model context.
RS-00073,SRC_LIT_FRONTIERS_HI_LULC_INVEST_2024,The impact of land use change on carbon storage and multi-scenario prediction in Hainan Island using InVEST and CA-Markov models,https://www.frontiersin.org/journals/forests-and-global-change/articles/10.3389/ffgc.2024.1349057/full,peer_reviewed_remote_sensing_model_table,REG_HI_ISLAND,海南岛,PROVINCE,2010,2010,2010,WATER_LAND_AREA,water_land_area,water land area,area_boundary,1507.49,km2,Published Table 4 land-use area derived from remote-sensing land-use maps.,A,0,0,satellite.public_remote_sensing_metric,remote_sensing,10,Regional LULC covariate for blue-carbon model context.
RS-00074,SRC_LIT_FRONTIERS_HI_LULC_INVEST_2024,The impact of land use change on carbon storage and multi-scenario prediction in Hainan Island using InVEST and CA-Markov models,https://www.frontiersin.org/journals/forests-and-global-change/articles/10.3389/ffgc.2024.1349057/full,peer_reviewed_remote_sensing_model_table,REG_HI_ISLAND,海南岛,PROVINCE,2010,2010,2010,BUILT_LAND_AREA,built_land_area,built land area,area_boundary,907.81,km2,Published Table 4 land-use area derived from remote-sensing land-use maps.,A,0,0,satellite.public_remote_sensing_metric,remote_sensing,10,Regional LULC covariate for blue-carbon model context.
RS-00075,SRC_LIT_FRONTIERS_HI_LULC_INVEST_2024,The impact of land use change on carbon storage and multi-scenario prediction in Hainan Island using InVEST and CA-Markov models,https://www.frontiersin.org/journals/forests-and-global-change/articles/10.3389/ffgc.2024.1349057/full,peer_reviewed_remote_sensing_model_table,REG_HI_ISLAND,海南岛,PROVINCE,2010,2010,2010,UNUSED_LAND_AREA,unused_land_area,unused land area,area_boundary,93.54,km2,Published Table 4 land-use area derived from remote-sensing land-use maps.,A,0,0,satellite.public_remote_sensing_metric,remote_sensing,10,Regional LULC covariate for blue-carbon model context.
RS-00076,SRC_LIT_FRONTIERS_HI_LULC_INVEST_2024,The impact of land use change on carbon storage and multi-scenario prediction in Hainan Island using InVEST and CA-Markov models,https://www.frontiersin.org/journals/forests-and-global-change/articles/10.3389/ffgc.2024.1349057/full,peer_reviewed_remote_sensing_model_table,REG_HI_ISLAND,海南岛,PROVINCE,2020,2020,2020,CROPLAND_AREA,cropland_area,cropland area,area_boundary,8701.35,km2,Published Table 4 land-use area derived from remote-sensing land-use maps.,A,0,0,satellite.public_remote_sensing_metric,remote_sensing,10,Regional LULC covariate for blue-carbon model context.
RS-00077,SRC_LIT_FRONTIERS_HI_LULC_INVEST_2024,The impact of land use change on carbon storage and multi-scenario prediction in Hainan Island using InVEST and CA-Markov models,https://www.frontiersin.org/journals/forests-and-global-change/articles/10.3389/ffgc.2024.1349057/full,peer_reviewed_remote_sensing_model_table,REG_HI_ISLAND,海南岛,PROVINCE,2020,2020,2020,FORESTLAND_AREA,forestland_area,forestland area,area_boundary,21465.89,km2,Published Table 4 land-use area derived from remote-sensing land-use maps.,A,0,0,satellite.public_remote_sensing_metric,remote_sensing,10,Regional LULC covariate for blue-carbon model context.
RS-00078,SRC_LIT_FRONTIERS_HI_LULC_INVEST_2024,The impact of land use change on carbon storage and multi-scenario prediction in Hainan Island using InVEST and CA-Markov models,https://www.frontiersin.org/journals/forests-and-global-change/articles/10.3389/ffgc.2024.1349057/full,peer_reviewed_remote_sensing_model_table,REG_HI_ISLAND,海南岛,PROVINCE,2020,2020,2020,GRASSLAND_AREA,grassland_area,grassland area,area_boundary,1155.04,km2,Published Table 4 land-use area derived from remote-sensing land-use maps.,A,0,0,satellite.public_remote_sensing_metric,remote_sensing,10,Regional LULC covariate for blue-carbon model context.
RS-00079,SRC_LIT_FRONTIERS_HI_LULC_INVEST_2024,The impact of land use change on carbon storage and multi-scenario prediction in Hainan Island using InVEST and CA-Markov models,https://www.frontiersin.org/journals/forests-and-global-change/articles/10.3389/ffgc.2024.1349057/full,peer_reviewed_remote_sensing_model_table,REG_HI_ISLAND,海南岛,PROVINCE,2020,2020,2020,WATER_LAND_AREA,water_land_area,water land area,area_boundary,1476.57,km2,Published Table 4 land-use area derived from remote-sensing land-use maps.,A,0,0,satellite.public_remote_sensing_metric,remote_sensing,10,Regional LULC covariate for blue-carbon model context.
RS-00080,SRC_LIT_FRONTIERS_HI_LULC_INVEST_2024,The impact of land use change on carbon storage and multi-scenario prediction in Hainan Island using InVEST and CA-Markov models,https://www.frontiersin.org/journals/forests-and-global-change/articles/10.3389/ffgc.2024.1349057/full,peer_reviewed_remote_sensing_model_table,REG_HI_ISLAND,海南岛,PROVINCE,2020,2020,2020,BUILT_LAND_AREA,built_land_area,built land area,area_boundary,1391.35,km2,Published Table 4 land-use area derived from remote-sensing land-use maps.,A,0,0,satellite.public_remote_sensing_metric,remote_sensing,10,Regional LULC covariate for blue-carbon model context.
RS-00081,SRC_LIT_FRONTIERS_HI_LULC_INVEST_2024,The impact of land use change on carbon storage and multi-scenario prediction in Hainan Island using InVEST and CA-Markov models,https://www.frontiersin.org/journals/forests-and-global-change/articles/10.3389/ffgc.2024.1349057/full,peer_reviewed_remote_sensing_model_table,REG_HI_ISLAND,海南岛,PROVINCE,2020,2020,2020,UNUSED_LAND_AREA,unused_land_area,unused land area,area_boundary,89.45,km2,Published Table 4 land-use area derived from remote-sensing land-use maps.,A,0,0,satellite.public_remote_sensing_metric,remote_sensing,10,Regional LULC covariate for blue-carbon model context.
RS-00082,SRC_LIT_FRONTIERS_HI_LULC_INVEST_2024,The impact of land use change on carbon storage and multi-scenario prediction in Hainan Island using InVEST and CA-Markov models,https://www.frontiersin.org/journals/forests-and-global-change/articles/10.3389/ffgc.2024.1349057/full,peer_reviewed_remote_sensing_model_table,REG_HI_ISLAND,海南岛,PROVINCE,2000,2000,2000,CROPLAND_PROPORTION,cropland_proportion,cropland proportion,land_use,26.29,percent,Published Table 4 land-use proportion derived from remote-sensing land-use maps.,A,0,0,satellite.public_remote_sensing_metric,remote_sensing,10,Regional LULC covariate for blue-carbon model context.
RS-00083,SRC_LIT_FRONTIERS_HI_LULC_INVEST_2024,The impact of land use change on carbon storage and multi-scenario prediction in Hainan Island using InVEST and CA-Markov models,https://www.frontiersin.org/journals/forests-and-global-change/articles/10.3389/ffgc.2024.1349057/full,peer_reviewed_remote_sensing_model_table,REG_HI_ISLAND,海南岛,PROVINCE,2000,2000,2000,FORESTLAND_PROPORTION,forestland_proportion,forestland proportion,land_use,63.67,percent,Published Table 4 land-use proportion derived from remote-sensing land-use maps.,A,0,0,satellite.public_remote_sensing_metric,remote_sensing,10,Regional LULC covariate for blue-carbon model context.
RS-00084,SRC_LIT_FRONTIERS_HI_LULC_INVEST_2024,The impact of land use change on carbon storage and multi-scenario prediction in Hainan Island using InVEST and CA-Markov models,https://www.frontiersin.org/journals/forests-and-global-change/articles/10.3389/ffgc.2024.1349057/full,peer_reviewed_remote_sensing_model_table,REG_HI_ISLAND,海南岛,PROVINCE,2000,2000,2000,GRASSLAND_PROPORTION,grassland_proportion,grassland proportion,land_use,3.6,percent,Published Table 4 land-use proportion derived from remote-sensing land-use maps.,A,0,0,satellite.public_remote_sensing_metric,remote_sensing,10,Regional LULC covariate for blue-carbon model context.
RS-00085,SRC_LIT_FRONTIERS_HI_LULC_INVEST_2024,The impact of land use change on carbon storage and multi-scenario prediction in Hainan Island using InVEST and CA-Markov models,https://www.frontiersin.org/journals/forests-and-global-change/articles/10.3389/ffgc.2024.1349057/full,peer_reviewed_remote_sensing_model_table,REG_HI_ISLAND,海南岛,PROVINCE,2000,2000,2000,WATER_LAND_PROPORTION,water_land_proportion,water land proportion,land_use,3.74,percent,Published Table 4 land-use proportion derived from remote-sensing land-use maps.,A,0,0,satellite.public_remote_sensing_metric,remote_sensing,10,Regional LULC covariate for blue-carbon model context.
RS-00086,SRC_LIT_FRONTIERS_HI_LULC_INVEST_2024,The impact of land use change on carbon storage and multi-scenario prediction in Hainan Island using InVEST and CA-Markov models,https://www.frontiersin.org/journals/forests-and-global-change/articles/10.3389/ffgc.2024.1349057/full,peer_reviewed_remote_sensing_model_table,REG_HI_ISLAND,海南岛,PROVINCE,2000,2000,2000,BUILT_LAND_PROPORTION,built_land_proportion,built land proportion,land_use,2.29,percent,Published Table 4 land-use proportion derived from remote-sensing land-use maps.,A,0,0,satellite.public_remote_sensing_metric,remote_sensing,10,Regional LULC covariate for blue-carbon model context.
RS-00087,SRC_LIT_FRONTIERS_HI_LULC_INVEST_2024,The impact of land use change on carbon storage and multi-scenario prediction in Hainan Island using InVEST and CA-Markov models,https://www.frontiersin.org/journals/forests-and-global-change/articles/10.3389/ffgc.2024.1349057/full,peer_reviewed_remote_sensing_model_table,REG_HI_ISLAND,海南岛,PROVINCE,2000,2000,2000,UNUSED_LAND_PROPORTION,unused_land_proportion,unused land proportion,land_use,0.41,percent,Published Table 4 land-use proportion derived from remote-sensing land-use maps.,A,0,0,satellite.public_remote_sensing_metric,remote_sensing,10,Regional LULC covariate for blue-carbon model context.
RS-00088,SRC_LIT_FRONTIERS_HI_LULC_INVEST_2024,The impact of land use change on carbon storage and multi-scenario prediction in Hainan Island using InVEST and CA-Markov models,https://www.frontiersin.org/journals/forests-and-global-change/articles/10.3389/ffgc.2024.1349057/full,peer_reviewed_remote_sensing_model_table,REG_HI_ISLAND,海南岛,PROVINCE,2010,2010,2010,CROPLAND_PROPORTION,cropland_proportion,cropland proportion,land_use,25.94,percent,Published Table 4 land-use proportion derived from remote-sensing land-use maps.,A,0,0,satellite.public_remote_sensing_metric,remote_sensing,10,Regional LULC covariate for blue-carbon model context.
RS-00089,SRC_LIT_FRONTIERS_HI_LULC_INVEST_2024,The impact of land use change on carbon storage and multi-scenario prediction in Hainan Island using InVEST and CA-Markov models,https://www.frontiersin.org/journals/forests-and-global-change/articles/10.3389/ffgc.2024.1349057/full,peer_reviewed_remote_sensing_model_table,REG_HI_ISLAND,海南岛,PROVINCE,2010,2010,2010,FORESTLAND_PROPORTION,forestland_proportion,forestland proportion,land_use,63.43,percent,Published Table 4 land-use proportion derived from remote-sensing land-use maps.,A,0,0,satellite.public_remote_sensing_metric,remote_sensing,10,Regional LULC covariate for blue-carbon model context.
RS-00090,SRC_LIT_FRONTIERS_HI_LULC_INVEST_2024,The impact of land use change on carbon storage and multi-scenario prediction in Hainan Island using InVEST and CA-Markov models,https://www.frontiersin.org/journals/forests-and-global-change/articles/10.3389/ffgc.2024.1349057/full,peer_reviewed_remote_sensing_model_table,REG_HI_ISLAND,海南岛,PROVINCE,2010,2010,2010,GRASSLAND_PROPORTION,grassland_proportion,grassland proportion,land_use,3.31,percent,Published Table 4 land-use proportion derived from remote-sensing land-use maps.,A,0,0,satellite.public_remote_sensing_metric,remote_sensing,10,Regional LULC covariate for blue-carbon model context.
RS-00091,SRC_LIT_FRONTIERS_HI_LULC_INVEST_2024,The impact of land use change on carbon storage and multi-scenario prediction in Hainan Island using InVEST and CA-Markov models,https://www.frontiersin.org/journals/forests-and-global-change/articles/10.3389/ffgc.2024.1349057/full,peer_reviewed_remote_sensing_model_table,REG_HI_ISLAND,海南岛,PROVINCE,2010,2010,2010,WATER_LAND_PROPORTION,water_land_proportion,water land proportion,land_use,4.4,percent,Published Table 4 land-use proportion derived from remote-sensing land-use maps.,A,0,0,satellite.public_remote_sensing_metric,remote_sensing,10,Regional LULC covariate for blue-carbon model context.
RS-00092,SRC_LIT_FRONTIERS_HI_LULC_INVEST_2024,The impact of land use change on carbon storage and multi-scenario prediction in Hainan Island using InVEST and CA-Markov models,https://www.frontiersin.org/journals/forests-and-global-change/articles/10.3389/ffgc.2024.1349057/full,peer_reviewed_remote_sensing_model_table,REG_HI_ISLAND,海南岛,PROVINCE,2010,2010,2010,BUILT_LAND_PROPORTION,built_land_proportion,built land proportion,land_use,2.65,percent,Published Table 4 land-use proportion derived from remote-sensing land-use maps.,A,0,0,satellite.public_remote_sensing_metric,remote_sensing,10,Regional LULC covariate for blue-carbon model context.
RS-00093,SRC_LIT_FRONTIERS_HI_LULC_INVEST_2024,The impact of land use change on carbon storage and multi-scenario prediction in Hainan Island using InVEST and CA-Markov models,https://www.frontiersin.org/journals/forests-and-global-change/articles/10.3389/ffgc.2024.1349057/full,peer_reviewed_remote_sensing_model_table,REG_HI_ISLAND,海南岛,PROVINCE,2010,2010,2010,UNUSED_LAND_PROPORTION,unused_land_proportion,unused land proportion,land_use,0.27,percent,Published Table 4 land-use proportion derived from remote-sensing land-use maps.,A,0,0,satellite.public_remote_sensing_metric,remote_sensing,10,Regional LULC covariate for blue-carbon model context.
RS-00094,SRC_LIT_FRONTIERS_HI_LULC_INVEST_2024,The impact of land use change on carbon storage and multi-scenario prediction in Hainan Island using InVEST and CA-Markov models,https://www.frontiersin.org/journals/forests-and-global-change/articles/10.3389/ffgc.2024.1349057/full,peer_reviewed_remote_sensing_model_table,REG_HI_ISLAND,海南岛,PROVINCE,2020,2020,2020,CROPLAND_PROPORTION,cropland_proportion,cropland proportion,land_use,25.38,percent,Published Table 4 land-use proportion derived from remote-sensing land-use maps.,A,0,0,satellite.public_remote_sensing_metric,remote_sensing,10,Regional LULC covariate for blue-carbon model context.
RS-00095,SRC_LIT_FRONTIERS_HI_LULC_INVEST_2024,The impact of land use change on carbon storage and multi-scenario prediction in Hainan Island using InVEST and CA-Markov models,https://www.frontiersin.org/journals/forests-and-global-change/articles/10.3389/ffgc.2024.1349057/full,peer_reviewed_remote_sensing_model_table,REG_HI_ISLAND,海南岛,PROVINCE,2020,2020,2020,FORESTLAND_PROPORTION,forestland_proportion,forestland proportion,land_use,62.62,percent,Published Table 4 land-use proportion derived from remote-sensing land-use maps.,A,0,0,satellite.public_remote_sensing_metric,remote_sensing,10,Regional LULC covariate for blue-carbon model context.
RS-00096,SRC_LIT_FRONTIERS_HI_LULC_INVEST_2024,The impact of land use change on carbon storage and multi-scenario prediction in Hainan Island using InVEST and CA-Markov models,https://www.frontiersin.org/journals/forests-and-global-change/articles/10.3389/ffgc.2024.1349057/full,peer_reviewed_remote_sensing_model_table,REG_HI_ISLAND,海南岛,PROVINCE,2020,2020,2020,GRASSLAND_PROPORTION,grassland_proportion,grassland proportion,land_use,3.37,percent,Published Table 4 land-use proportion derived from remote-sensing land-use maps.,A,0,0,satellite.public_remote_sensing_metric,remote_sensing,10,Regional LULC covariate for blue-carbon model context.
RS-00097,SRC_LIT_FRONTIERS_HI_LULC_INVEST_2024,The impact of land use change on carbon storage and multi-scenario prediction in Hainan Island using InVEST and CA-Markov models,https://www.frontiersin.org/journals/forests-and-global-change/articles/10.3389/ffgc.2024.1349057/full,peer_reviewed_remote_sensing_model_table,REG_HI_ISLAND,海南岛,PROVINCE,2020,2020,2020,WATER_LAND_PROPORTION,water_land_proportion,water land proportion,land_use,4.31,percent,Published Table 4 land-use proportion derived from remote-sensing land-use maps.,A,0,0,satellite.public_remote_sensing_metric,remote_sensing,10,Regional LULC covariate for blue-carbon model context.
RS-00098,SRC_LIT_FRONTIERS_HI_LULC_INVEST_2024,The impact of land use change on carbon storage and multi-scenario prediction in Hainan Island using InVEST and CA-Markov models,https://www.frontiersin.org/journals/forests-and-global-change/articles/10.3389/ffgc.2024.1349057/full,peer_reviewed_remote_sensing_model_table,REG_HI_ISLAND,海南岛,PROVINCE,2020,2020,2020,BUILT_LAND_PROPORTION,built_land_proportion,built land proportion,land_use,4.06,percent,Published Table 4 land-use proportion derived from remote-sensing land-use maps.,A,0,0,satellite.public_remote_sensing_metric,remote_sensing,10,Regional LULC covariate for blue-carbon model context.
RS-00099,SRC_LIT_FRONTIERS_HI_LULC_INVEST_2024,The impact of land use change on carbon storage and multi-scenario prediction in Hainan Island using InVEST and CA-Markov models,https://www.frontiersin.org/journals/forests-and-global-change/articles/10.3389/ffgc.2024.1349057/full,peer_reviewed_remote_sensing_model_table,REG_HI_ISLAND,海南岛,PROVINCE,2020,2020,2020,UNUSED_LAND_PROPORTION,unused_land_proportion,unused land proportion,land_use,0.26,percent,Published Table 4 land-use proportion derived from remote-sensing land-use maps.,A,0,0,satellite.public_remote_sensing_metric,remote_sensing,10,Regional LULC covariate for blue-carbon model context.
RS-00100,SRC_LIT_FRONTIERS_HI_LULC_INVEST_2024,The impact of land use change on carbon storage and multi-scenario prediction in Hainan Island using InVEST and CA-Markov models,https://www.frontiersin.org/journals/forests-and-global-change/articles/10.3389/ffgc.2024.1349057/full,peer_reviewed_remote_sensing_model_table,REG_HI_ISLAND,海南岛,PROVINCE,2000,2000,2000,ABOVEGROUND_BIOMASS_CARBON_POOL,aboveground_biomass_carbon_pool,aboveground biomass carbon pool,carbon_stock,84.31,Tg,Published Table 5 InVEST carbon result driven by 2000/2010/2020 land-use maps.,A,1,0,satellite.public_remote_sensing_metric,remote_sensing,30,Model-derived regional carbon proxy; not field plot or flux observation.
RS-00101,SRC_LIT_FRONTIERS_HI_LULC_INVEST_2024,The impact of land use change on carbon storage and multi-scenario prediction in Hainan Island using InVEST and CA-Markov models,https://www.frontiersin.org/journals/forests-and-global-change/articles/10.3389/ffgc.2024.1349057/full,peer_reviewed_remote_sensing_model_table,REG_HI_ISLAND,海南岛,PROVINCE,2000,2000,2000,BELOWGROUND_BIOMASS_CARBON_POOL,belowground_biomass_carbon_pool,belowground biomass carbon pool,carbon_stock,19.46,Tg,Published Table 5 InVEST carbon result driven by 2000/2010/2020 land-use maps.,A,1,0,satellite.public_remote_sensing_metric,remote_sensing,30,Model-derived regional carbon proxy; not field plot or flux observation.
RS-00102,SRC_LIT_FRONTIERS_HI_LULC_INVEST_2024,The impact of land use change on carbon storage and multi-scenario prediction in Hainan Island using InVEST and CA-Markov models,https://www.frontiersin.org/journals/forests-and-global-change/articles/10.3389/ffgc.2024.1349057/full,peer_reviewed_remote_sensing_model_table,REG_HI_ISLAND,海南岛,PROVINCE,2000,2000,2000,SOIL_CARBON_POOL,soil_carbon_pool,soil carbon pool,carbon_stock,331.53,Tg,Published Table 5 InVEST carbon result driven by 2000/2010/2020 land-use maps.,A,1,0,satellite.public_remote_sensing_metric,remote_sensing,30,Model-derived regional carbon proxy; not field plot or flux observation.
RS-00103,SRC_LIT_FRONTIERS_HI_LULC_INVEST_2024,The impact of land use change on carbon storage and multi-scenario prediction in Hainan Island using InVEST and CA-Markov models,https://www.frontiersin.org/journals/forests-and-global-change/articles/10.3389/ffgc.2024.1349057/full,peer_reviewed_remote_sensing_model_table,REG_HI_ISLAND,海南岛,PROVINCE,2000,2000,2000,DEAD_ORGANIC_CARBON_POOL,dead_organic_carbon_pool,dead organic carbon pool,carbon_stock,8.07,Tg,Published Table 5 InVEST carbon result driven by 2000/2010/2020 land-use maps.,A,1,0,satellite.public_remote_sensing_metric,remote_sensing,30,Model-derived regional carbon proxy; not field plot or flux observation.
RS-00104,SRC_LIT_FRONTIERS_HI_LULC_INVEST_2024,The impact of land use change on carbon storage and multi-scenario prediction in Hainan Island using InVEST and CA-Markov models,https://www.frontiersin.org/journals/forests-and-global-change/articles/10.3389/ffgc.2024.1349057/full,peer_reviewed_remote_sensing_model_table,REG_HI_ISLAND,海南岛,PROVINCE,2000,2000,2000,TOTAL_CARBON_STORAGE,total_carbon_storage,total carbon storage,carbon_stock,443.37,Tg,Published Table 5 InVEST carbon result driven by 2000/2010/2020 land-use maps.,A,1,0,satellite.public_remote_sensing_metric,remote_sensing,30,Model-derived regional carbon proxy; not field plot or flux observation.
RS-00105,SRC_LIT_FRONTIERS_HI_LULC_INVEST_2024,The impact of land use change on carbon storage and multi-scenario prediction in Hainan Island using InVEST and CA-Markov models,https://www.frontiersin.org/journals/forests-and-global-change/articles/10.3389/ffgc.2024.1349057/full,peer_reviewed_remote_sensing_model_table,REG_HI_ISLAND,海南岛,PROVINCE,2000,2000,2000,CARBON_DENSITY,carbon_density,carbon density,carbon_stock,129.37,Mg/hm2,Published Table 5 InVEST carbon result driven by 2000/2010/2020 land-use maps.,A,1,0,satellite.public_remote_sensing_metric,remote_sensing,30,Model-derived regional carbon proxy; not field plot or flux observation.
RS-00106,SRC_LIT_FRONTIERS_HI_LULC_INVEST_2024,The impact of land use change on carbon storage and multi-scenario prediction in Hainan Island using InVEST and CA-Markov models,https://www.frontiersin.org/journals/forests-and-global-change/articles/10.3389/ffgc.2024.1349057/full,peer_reviewed_remote_sensing_model_table,REG_HI_ISLAND,海南岛,PROVINCE,2010,2010,2010,ABOVEGROUND_BIOMASS_CARBON_POOL,aboveground_biomass_carbon_pool,aboveground biomass carbon pool,carbon_stock,83.93,Tg,Published Table 5 InVEST carbon result driven by 2000/2010/2020 land-use maps.,A,1,0,satellite.public_remote_sensing_metric,remote_sensing,30,Model-derived regional carbon proxy; not field plot or flux observation.
RS-00107,SRC_LIT_FRONTIERS_HI_LULC_INVEST_2024,The impact of land use change on carbon storage and multi-scenario prediction in Hainan Island using InVEST and CA-Markov models,https://www.frontiersin.org/journals/forests-and-global-change/articles/10.3389/ffgc.2024.1349057/full,peer_reviewed_remote_sensing_model_table,REG_HI_ISLAND,海南岛,PROVINCE,2010,2010,2010,BELOWGROUND_BIOMASS_CARBON_POOL,belowground_biomass_carbon_pool,belowground biomass carbon pool,carbon_stock,19.3,Tg,Published Table 5 InVEST carbon result driven by 2000/2010/2020 land-use maps.,A,1,0,satellite.public_remote_sensing_metric,remote_sensing,30,Model-derived regional carbon proxy; not field plot or flux observation.
RS-00108,SRC_LIT_FRONTIERS_HI_LULC_INVEST_2024,The impact of land use change on carbon storage and multi-scenario prediction in Hainan Island using InVEST and CA-Markov models,https://www.frontiersin.org/journals/forests-and-global-change/articles/10.3389/ffgc.2024.1349057/full,peer_reviewed_remote_sensing_model_table,REG_HI_ISLAND,海南岛,PROVINCE,2010,2010,2010,SOIL_CARBON_POOL,soil_carbon_pool,soil carbon pool,carbon_stock,330.36,Tg,Published Table 5 InVEST carbon result driven by 2000/2010/2020 land-use maps.,A,1,0,satellite.public_remote_sensing_metric,remote_sensing,30,Model-derived regional carbon proxy; not field plot or flux observation.
RS-00109,SRC_LIT_FRONTIERS_HI_LULC_INVEST_2024,The impact of land use change on carbon storage and multi-scenario prediction in Hainan Island using InVEST and CA-Markov models,https://www.frontiersin.org/journals/forests-and-global-change/articles/10.3389/ffgc.2024.1349057/full,peer_reviewed_remote_sensing_model_table,REG_HI_ISLAND,海南岛,PROVINCE,2010,2010,2010,DEAD_ORGANIC_CARBON_POOL,dead_organic_carbon_pool,dead organic carbon pool,carbon_stock,7.99,Tg,Published Table 5 InVEST carbon result driven by 2000/2010/2020 land-use maps.,A,1,0,satellite.public_remote_sensing_metric,remote_sensing,30,Model-derived regional carbon proxy; not field plot or flux observation.
RS-00110,SRC_LIT_FRONTIERS_HI_LULC_INVEST_2024,The impact of land use change on carbon storage and multi-scenario prediction in Hainan Island using InVEST and CA-Markov models,https://www.frontiersin.org/journals/forests-and-global-change/articles/10.3389/ffgc.2024.1349057/full,peer_reviewed_remote_sensing_model_table,REG_HI_ISLAND,海南岛,PROVINCE,2010,2010,2010,TOTAL_CARBON_STORAGE,total_carbon_storage,total carbon storage,carbon_stock,441.59,Tg,Published Table 5 InVEST carbon result driven by 2000/2010/2020 land-use maps.,A,1,0,satellite.public_remote_sensing_metric,remote_sensing,30,Model-derived regional carbon proxy; not field plot or flux observation.
RS-00111,SRC_LIT_FRONTIERS_HI_LULC_INVEST_2024,The impact of land use change on carbon storage and multi-scenario prediction in Hainan Island using InVEST and CA-Markov models,https://www.frontiersin.org/journals/forests-and-global-change/articles/10.3389/ffgc.2024.1349057/full,peer_reviewed_remote_sensing_model_table,REG_HI_ISLAND,海南岛,PROVINCE,2010,2010,2010,CARBON_DENSITY,carbon_density,carbon density,carbon_stock,128.82,Mg/hm2,Published Table 5 InVEST carbon result driven by 2000/2010/2020 land-use maps.,A,1,0,satellite.public_remote_sensing_metric,remote_sensing,30,Model-derived regional carbon proxy; not field plot or flux observation.
RS-00112,SRC_LIT_FRONTIERS_HI_LULC_INVEST_2024,The impact of land use change on carbon storage and multi-scenario prediction in Hainan Island using InVEST and CA-Markov models,https://www.frontiersin.org/journals/forests-and-global-change/articles/10.3389/ffgc.2024.1349057/full,peer_reviewed_remote_sensing_model_table,REG_HI_ISLAND,海南岛,PROVINCE,2020,2020,2020,ABOVEGROUND_BIOMASS_CARBON_POOL,aboveground_biomass_carbon_pool,aboveground biomass carbon pool,carbon_stock,83.07,Tg,Published Table 5 InVEST carbon result driven by 2000/2010/2020 land-use maps.,A,1,0,satellite.public_remote_sensing_metric,remote_sensing,30,Model-derived regional carbon proxy; not field plot or flux observation.
RS-00113,SRC_LIT_FRONTIERS_HI_LULC_INVEST_2024,The impact of land use change on carbon storage and multi-scenario prediction in Hainan Island using InVEST and CA-Markov models,https://www.frontiersin.org/journals/forests-and-global-change/articles/10.3389/ffgc.2024.1349057/full,peer_reviewed_remote_sensing_model_table,REG_HI_ISLAND,海南岛,PROVINCE,2020,2020,2020,BELOWGROUND_BIOMASS_CARBON_POOL,belowground_biomass_carbon_pool,belowground biomass carbon pool,carbon_stock,19.13,Tg,Published Table 5 InVEST carbon result driven by 2000/2010/2020 land-use maps.,A,1,0,satellite.public_remote_sensing_metric,remote_sensing,30,Model-derived regional carbon proxy; not field plot or flux observation.
RS-00114,SRC_LIT_FRONTIERS_HI_LULC_INVEST_2024,The impact of land use change on carbon storage and multi-scenario prediction in Hainan Island using InVEST and CA-Markov models,https://www.frontiersin.org/journals/forests-and-global-change/articles/10.3389/ffgc.2024.1349057/full,peer_reviewed_remote_sensing_model_table,REG_HI_ISLAND,海南岛,PROVINCE,2020,2020,2020,SOIL_CARBON_POOL,soil_carbon_pool,soil carbon pool,carbon_stock,327.39,Tg,Published Table 5 InVEST carbon result driven by 2000/2010/2020 land-use maps.,A,1,0,satellite.public_remote_sensing_metric,remote_sensing,30,Model-derived regional carbon proxy; not field plot or flux observation.
RS-00115,SRC_LIT_FRONTIERS_HI_LULC_INVEST_2024,The impact of land use change on carbon storage and multi-scenario prediction in Hainan Island using InVEST and CA-Markov models,https://www.frontiersin.org/journals/forests-and-global-change/articles/10.3389/ffgc.2024.1349057/full,peer_reviewed_remote_sensing_model_table,REG_HI_ISLAND,海南岛,PROVINCE,2020,2020,2020,DEAD_ORGANIC_CARBON_POOL,dead_organic_carbon_pool,dead organic carbon pool,carbon_stock,7.89,Tg,Published Table 5 InVEST carbon result driven by 2000/2010/2020 land-use maps.,A,1,0,satellite.public_remote_sensing_metric,remote_sensing,30,Model-derived regional carbon proxy; not field plot or flux observation.
RS-00116,SRC_LIT_FRONTIERS_HI_LULC_INVEST_2024,The impact of land use change on carbon storage and multi-scenario prediction in Hainan Island using InVEST and CA-Markov models,https://www.frontiersin.org/journals/forests-and-global-change/articles/10.3389/ffgc.2024.1349057/full,peer_reviewed_remote_sensing_model_table,REG_HI_ISLAND,海南岛,PROVINCE,2020,2020,2020,TOTAL_CARBON_STORAGE,total_carbon_storage,total carbon storage,carbon_stock,437.47,Tg,Published Table 5 InVEST carbon result driven by 2000/2010/2020 land-use maps.,A,1,0,satellite.public_remote_sensing_metric,remote_sensing,30,Model-derived regional carbon proxy; not field plot or flux observation.
RS-00117,SRC_LIT_FRONTIERS_HI_LULC_INVEST_2024,The impact of land use change on carbon storage and multi-scenario prediction in Hainan Island using InVEST and CA-Markov models,https://www.frontiersin.org/journals/forests-and-global-change/articles/10.3389/ffgc.2024.1349057/full,peer_reviewed_remote_sensing_model_table,REG_HI_ISLAND,海南岛,PROVINCE,2020,2020,2020,CARBON_DENSITY,carbon_density,carbon density,carbon_stock,127.62,Mg/hm2,Published Table 5 InVEST carbon result driven by 2000/2010/2020 land-use maps.,A,1,0,satellite.public_remote_sensing_metric,remote_sensing,30,Model-derived regional carbon proxy; not field plot or flux observation.
RS-00118,SRC_LIT_FRONTIERS_HI_LULC_INVEST_2024,The impact of land use change on carbon storage and multi-scenario prediction in Hainan Island using InVEST and CA-Markov models,https://www.frontiersin.org/journals/forests-and-global-change/articles/10.3389/ffgc.2024.1349057/full,derived_from_peer_reviewed_remote_sensing_model_table,REG_HI_ISLAND,海南岛,PROVINCE,2000-2020,2000,2020,CROPLAND_AREA_CHANGE,cropland_area_change,cropland area change,area_boundary,-307.2999999999993,km2,Difference of Frontiers 2024 Table 4 land-use area values.,A,0,0,satellite.public_remote_sensing_metric,remote_sensing,10,Land-use transition summary for frontend comparison.
RS-00119,SRC_LIT_FRONTIERS_HI_LULC_INVEST_2024,The impact of land use change on carbon storage and multi-scenario prediction in Hainan Island using InVEST and CA-Markov models,https://www.frontiersin.org/journals/forests-and-global-change/articles/10.3389/ffgc.2024.1349057/full,derived_from_peer_reviewed_remote_sensing_model_table,REG_HI_ISLAND,海南岛,PROVINCE,2000-2020,2000,2020,CROPLAND_AREA_CHANGE_RATE,cropland_area_change_rate,cropland area change rate,area_boundary,-3.4111659349625003,percent,(2020 area - 2000 area) / 2000 area from Frontiers 2024 Table 4.,A,0,0,satellite.public_remote_sensing_metric,remote_sensing,10,Land-use percentage change for frontend comparison.
RS-00120,SRC_LIT_FRONTIERS_HI_LULC_INVEST_2024,The impact of land use change on carbon storage and multi-scenario prediction in Hainan Island using InVEST and CA-Markov models,https://www.frontiersin.org/journals/forests-and-global-change/articles/10.3389/ffgc.2024.1349057/full,derived_from_peer_reviewed_remote_sensing_model_table,REG_HI_ISLAND,海南岛,PROVINCE,2000-2020,2000,2020,CROPLAND_PROPORTION_CHANGE,cropland_proportion_change,cropland proportion change,land_use,-0.9100000000000001,percentage_point,Difference of Frontiers 2024 Table 4 land-use proportion values.,A,0,0,satellite.public_remote_sensing_metric,remote_sensing,10,Land-use share change for frontend comparison.
RS-00121,SRC_LIT_FRONTIERS_HI_LULC_INVEST_2024,The impact of land use change on carbon storage and multi-scenario prediction in Hainan Island using InVEST and CA-Markov models,https://www.frontiersin.org/journals/forests-and-global-change/articles/10.3389/ffgc.2024.1349057/full,derived_from_peer_reviewed_remote_sensing_model_table,REG_HI_ISLAND,海南岛,PROVINCE,2000-2020,2000,2020,FORESTLAND_AREA_CHANGE,forestland_area_change,forestland area change,area_boundary,-353.25,km2,Difference of Frontiers 2024 Table 4 land-use area values.,A,0,0,satellite.public_remote_sensing_metric,remote_sensing,10,Land-use transition summary for frontend comparison.
RS-00122,SRC_LIT_FRONTIERS_HI_LULC_INVEST_2024,The impact of land use change on carbon storage and multi-scenario prediction in Hainan Island using InVEST and CA-Markov models,https://www.frontiersin.org/journals/forests-and-global-change/articles/10.3389/ffgc.2024.1349057/full,derived_from_peer_reviewed_remote_sensing_model_table,REG_HI_ISLAND,海南岛,PROVINCE,2000-2020,2000,2020,FORESTLAND_AREA_CHANGE_RATE,forestland_area_change_rate,forestland area change rate,area_boundary,-1.618991399294381,percent,(2020 area - 2000 area) / 2000 area from Frontiers 2024 Table 4.,A,0,0,satellite.public_remote_sensing_metric,remote_sensing,10,Land-use percentage change for frontend comparison.
RS-00123,SRC_LIT_FRONTIERS_HI_LULC_INVEST_2024,The impact of land use change on carbon storage and multi-scenario prediction in Hainan Island using InVEST and CA-Markov models,https://www.frontiersin.org/journals/forests-and-global-change/articles/10.3389/ffgc.2024.1349057/full,derived_from_peer_reviewed_remote_sensing_model_table,REG_HI_ISLAND,海南岛,PROVINCE,2000-2020,2000,2020,FORESTLAND_PROPORTION_CHANGE,forestland_proportion_change,forestland proportion change,land_use,-1.0500000000000043,percentage_point,Difference of Frontiers 2024 Table 4 land-use proportion values.,A,0,0,satellite.public_remote_sensing_metric,remote_sensing,10,Land-use share change for frontend comparison.
RS-00124,SRC_LIT_FRONTIERS_HI_LULC_INVEST_2024,The impact of land use change on carbon storage and multi-scenario prediction in Hainan Island using InVEST and CA-Markov models,https://www.frontiersin.org/journals/forests-and-global-change/articles/10.3389/ffgc.2024.1349057/full,derived_from_peer_reviewed_remote_sensing_model_table,REG_HI_ISLAND,海南岛,PROVINCE,2000-2020,2000,2020,GRASSLAND_AREA_CHANGE,grassland_area_change,grassland area change,area_boundary,-79.41000000000008,km2,Difference of Frontiers 2024 Table 4 land-use area values.,A,0,0,satellite.public_remote_sensing_metric,remote_sensing,10,Land-use transition summary for frontend comparison.
RS-00125,SRC_LIT_FRONTIERS_HI_LULC_INVEST_2024,The impact of land use change on carbon storage and multi-scenario prediction in Hainan Island using InVEST and CA-Markov models,https://www.frontiersin.org/journals/forests-and-global-change/articles/10.3389/ffgc.2024.1349057/full,derived_from_peer_reviewed_remote_sensing_model_table,REG_HI_ISLAND,海南岛,PROVINCE,2000-2020,2000,2020,GRASSLAND_AREA_CHANGE_RATE,grassland_area_change_rate,grassland area change rate,area_boundary,-6.432824334723972,percent,(2020 area - 2000 area) / 2000 area from Frontiers 2024 Table 4.,A,0,0,satellite.public_remote_sensing_metric,remote_sensing,10,Land-use percentage change for frontend comparison.
RS-00126,SRC_LIT_FRONTIERS_HI_LULC_INVEST_2024,The impact of land use change on carbon storage and multi-scenario prediction in Hainan Island using InVEST and CA-Markov models,https://www.frontiersin.org/journals/forests-and-global-change/articles/10.3389/ffgc.2024.1349057/full,derived_from_peer_reviewed_remote_sensing_model_table,REG_HI_ISLAND,海南岛,PROVINCE,2000-2020,2000,2020,GRASSLAND_PROPORTION_CHANGE,grassland_proportion_change,grassland proportion change,land_use,-0.22999999999999998,percentage_point,Difference of Frontiers 2024 Table 4 land-use proportion values.,A,0,0,satellite.public_remote_sensing_metric,remote_sensing,10,Land-use share change for frontend comparison.
RS-00127,SRC_LIT_FRONTIERS_HI_LULC_INVEST_2024,The impact of land use change on carbon storage and multi-scenario prediction in Hainan Island using InVEST and CA-Markov models,https://www.frontiersin.org/journals/forests-and-global-change/articles/10.3389/ffgc.2024.1349057/full,derived_from_peer_reviewed_remote_sensing_model_table,REG_HI_ISLAND,海南岛,PROVINCE,2000-2020,2000,2020,WATER_LAND_AREA_CHANGE,water_land_area_change,water land area change,area_boundary,195.15999999999985,km2,Difference of Frontiers 2024 Table 4 land-use area values.,A,0,0,satellite.public_remote_sensing_metric,remote_sensing,10,Land-use transition summary for frontend comparison.
RS-00128,SRC_LIT_FRONTIERS_HI_LULC_INVEST_2024,The impact of land use change on carbon storage and multi-scenario prediction in Hainan Island using InVEST and CA-Markov models,https://www.frontiersin.org/journals/forests-and-global-change/articles/10.3389/ffgc.2024.1349057/full,derived_from_peer_reviewed_remote_sensing_model_table,REG_HI_ISLAND,海南岛,PROVINCE,2000-2020,2000,2020,WATER_LAND_AREA_CHANGE_RATE,water_land_area_change_rate,water land area change rate,area_boundary,15.23009809506714,percent,(2020 area - 2000 area) / 2000 area from Frontiers 2024 Table 4.,A,0,0,satellite.public_remote_sensing_metric,remote_sensing,10,Land-use percentage change for frontend comparison.
RS-00129,SRC_LIT_FRONTIERS_HI_LULC_INVEST_2024,The impact of land use change on carbon storage and multi-scenario prediction in Hainan Island using InVEST and CA-Markov models,https://www.frontiersin.org/journals/forests-and-global-change/articles/10.3389/ffgc.2024.1349057/full,derived_from_peer_reviewed_remote_sensing_model_table,REG_HI_ISLAND,海南岛,PROVINCE,2000-2020,2000,2020,WATER_LAND_PROPORTION_CHANGE,water_land_proportion_change,water land proportion change,land_use,0.5699999999999994,percentage_point,Difference of Frontiers 2024 Table 4 land-use proportion values.,A,0,0,satellite.public_remote_sensing_metric,remote_sensing,10,Land-use share change for frontend comparison.
RS-00130,SRC_LIT_FRONTIERS_HI_LULC_INVEST_2024,The impact of land use change on carbon storage and multi-scenario prediction in Hainan Island using InVEST and CA-Markov models,https://www.frontiersin.org/journals/forests-and-global-change/articles/10.3389/ffgc.2024.1349057/full,derived_from_peer_reviewed_remote_sensing_model_table,REG_HI_ISLAND,海南岛,PROVINCE,2000-2020,2000,2020,BUILT_LAND_AREA_CHANGE,built_land_area_change,built land area change,area_boundary,605.4799999999999,km2,Difference of Frontiers 2024 Table 4 land-use area values.,A,0,0,satellite.public_remote_sensing_metric,remote_sensing,10,Land-use transition summary for frontend comparison.
RS-00131,SRC_LIT_FRONTIERS_HI_LULC_INVEST_2024,The impact of land use change on carbon storage and multi-scenario prediction in Hainan Island using InVEST and CA-Markov models,https://www.frontiersin.org/journals/forests-and-global-change/articles/10.3389/ffgc.2024.1349057/full,derived_from_peer_reviewed_remote_sensing_model_table,REG_HI_ISLAND,海南岛,PROVINCE,2000-2020,2000,2020,BUILT_LAND_AREA_CHANGE_RATE,built_land_area_change_rate,built land area change rate,area_boundary,77.0458218280377,percent,(2020 area - 2000 area) / 2000 area from Frontiers 2024 Table 4.,A,0,0,satellite.public_remote_sensing_metric,remote_sensing,10,Land-use percentage change for frontend comparison.
RS-00132,SRC_LIT_FRONTIERS_HI_LULC_INVEST_2024,The impact of land use change on carbon storage and multi-scenario prediction in Hainan Island using InVEST and CA-Markov models,https://www.frontiersin.org/journals/forests-and-global-change/articles/10.3389/ffgc.2024.1349057/full,derived_from_peer_reviewed_remote_sensing_model_table,REG_HI_ISLAND,海南岛,PROVINCE,2000-2020,2000,2020,BUILT_LAND_PROPORTION_CHANGE,built_land_proportion_change,built land proportion change,land_use,1.7699999999999996,percentage_point,Difference of Frontiers 2024 Table 4 land-use proportion values.,A,0,0,satellite.public_remote_sensing_metric,remote_sensing,10,Land-use share change for frontend comparison.
RS-00133,SRC_LIT_FRONTIERS_HI_LULC_INVEST_2024,The impact of land use change on carbon storage and multi-scenario prediction in Hainan Island using InVEST and CA-Markov models,https://www.frontiersin.org/journals/forests-and-global-change/articles/10.3389/ffgc.2024.1349057/full,derived_from_peer_reviewed_remote_sensing_model_table,REG_HI_ISLAND,海南岛,PROVINCE,2000-2020,2000,2020,UNUSED_LAND_AREA_CHANGE,unused_land_area_change,unused land area change,area_boundary,-51.8,km2,Difference of Frontiers 2024 Table 4 land-use area values.,A,0,0,satellite.public_remote_sensing_metric,remote_sensing,10,Land-use transition summary for frontend comparison.
RS-00134,SRC_LIT_FRONTIERS_HI_LULC_INVEST_2024,The impact of land use change on carbon storage and multi-scenario prediction in Hainan Island using InVEST and CA-Markov models,https://www.frontiersin.org/journals/forests-and-global-change/articles/10.3389/ffgc.2024.1349057/full,derived_from_peer_reviewed_remote_sensing_model_table,REG_HI_ISLAND,海南岛,PROVINCE,2000-2020,2000,2020,UNUSED_LAND_AREA_CHANGE_RATE,unused_land_area_change_rate,unused land area change rate,area_boundary,-36.67256637168141,percent,(2020 area - 2000 area) / 2000 area from Frontiers 2024 Table 4.,A,0,0,satellite.public_remote_sensing_metric,remote_sensing,10,Land-use percentage change for frontend comparison.
RS-00135,SRC_LIT_FRONTIERS_HI_LULC_INVEST_2024,The impact of land use change on carbon storage and multi-scenario prediction in Hainan Island using InVEST and CA-Markov models,https://www.frontiersin.org/journals/forests-and-global-change/articles/10.3389/ffgc.2024.1349057/full,derived_from_peer_reviewed_remote_sensing_model_table,REG_HI_ISLAND,海南岛,PROVINCE,2000-2020,2000,2020,UNUSED_LAND_PROPORTION_CHANGE,unused_land_proportion_change,unused land proportion change,land_use,-0.14999999999999997,percentage_point,Difference of Frontiers 2024 Table 4 land-use proportion values.,A,0,0,satellite.public_remote_sensing_metric,remote_sensing,10,Land-use share change for frontend comparison.
RS-00136,SRC_LIT_FRONTIERS_HI_LULC_INVEST_2024,The impact of land use change on carbon storage and multi-scenario prediction in Hainan Island using InVEST and CA-Markov models,https://www.frontiersin.org/journals/forests-and-global-change/articles/10.3389/ffgc.2024.1349057/full,derived_from_peer_reviewed_remote_sensing_model_table,REG_HI_ISLAND,海南岛,PROVINCE,2000-2020,2000,2020,ABOVEGROUND_BIOMASS_CARBON_POOL_CHANGE,aboveground_biomass_carbon_pool_change,aboveground biomass carbon pool change,carbon_stock,-1.240000000000009,Tg,Difference of Frontiers 2024 Table 5 InVEST carbon values.,A,1,0,satellite.public_remote_sensing_metric,remote_sensing,30,Model-derived carbon change proxy; not field plot data.
RS-00137,SRC_LIT_FRONTIERS_HI_LULC_INVEST_2024,The impact of land use change on carbon storage and multi-scenario prediction in Hainan Island using InVEST and CA-Markov models,https://www.frontiersin.org/journals/forests-and-global-change/articles/10.3389/ffgc.2024.1349057/full,derived_from_peer_reviewed_remote_sensing_model_table,REG_HI_ISLAND,海南岛,PROVINCE,2000-2020,2000,2020,ABOVEGROUND_BIOMASS_CARBON_POOL_CHANGE_RATE,aboveground_biomass_carbon_pool_change_rate,aboveground biomass carbon pool change rate,carbon_stock,-1.4707626616059888,percent,(2020 value - 2000 value) / 2000 value from Frontiers 2024 Table 5.,A,1,0,satellite.public_remote_sensing_metric,remote_sensing,30,Model-derived carbon change proxy; not field plot data.
RS-00138,SRC_LIT_FRONTIERS_HI_LULC_INVEST_2024,The impact of land use change on carbon storage and multi-scenario prediction in Hainan Island using InVEST and CA-Markov models,https://www.frontiersin.org/journals/forests-and-global-change/articles/10.3389/ffgc.2024.1349057/full,derived_from_peer_reviewed_remote_sensing_model_table,REG_HI_ISLAND,海南岛,PROVINCE,2000-2020,2000,2020,BELOWGROUND_BIOMASS_CARBON_POOL_CHANGE,belowground_biomass_carbon_pool_change,belowground biomass carbon pool change,carbon_stock,-0.33000000000000185,Tg,Difference of Frontiers 2024 Table 5 InVEST carbon values.,A,1,0,satellite.public_remote_sensing_metric,remote_sensing,30,Model-derived carbon change proxy; not field plot data.
RS-00139,SRC_LIT_FRONTIERS_HI_LULC_INVEST_2024,The impact of land use change on carbon storage and multi-scenario prediction in Hainan Island using InVEST and CA-Markov models,https://www.frontiersin.org/journals/forests-and-global-change/articles/10.3389/ffgc.2024.1349057/full,derived_from_peer_reviewed_remote_sensing_model_table,REG_HI_ISLAND,海南岛,PROVINCE,2000-2020,2000,2020,BELOWGROUND_BIOMASS_CARBON_POOL_CHANGE_RATE,belowground_biomass_carbon_pool_change_rate,belowground biomass carbon pool change rate,carbon_stock,-1.6957862281603382,percent,(2020 value - 2000 value) / 2000 value from Frontiers 2024 Table 5.,A,1,0,satellite.public_remote_sensing_metric,remote_sensing,30,Model-derived carbon change proxy; not field plot data.
RS-00140,SRC_LIT_FRONTIERS_HI_LULC_INVEST_2024,The impact of land use change on carbon storage and multi-scenario prediction in Hainan Island using InVEST and CA-Markov models,https://www.frontiersin.org/journals/forests-and-global-change/articles/10.3389/ffgc.2024.1349057/full,derived_from_peer_reviewed_remote_sensing_model_table,REG_HI_ISLAND,海南岛,PROVINCE,2000-2020,2000,2020,SOIL_CARBON_POOL_CHANGE,soil_carbon_pool_change,soil carbon pool change,carbon_stock,-4.139999999999986,Tg,Difference of Frontiers 2024 Table 5 InVEST carbon values.,A,1,0,satellite.public_remote_sensing_metric,remote_sensing,30,Model-derived carbon change proxy; not field plot data.
RS-00141,SRC_LIT_FRONTIERS_HI_LULC_INVEST_2024,The impact of land use change on carbon storage and multi-scenario prediction in Hainan Island using InVEST and CA-Markov models,https://www.frontiersin.org/journals/forests-and-global-change/articles/10.3389/ffgc.2024.1349057/full,derived_from_peer_reviewed_remote_sensing_model_table,REG_HI_ISLAND,海南岛,PROVINCE,2000-2020,2000,2020,SOIL_CARBON_POOL_CHANGE_RATE,soil_carbon_pool_change_rate,soil carbon pool change rate,carbon_stock,-1.24875576870871,percent,(2020 value - 2000 value) / 2000 value from Frontiers 2024 Table 5.,A,1,0,satellite.public_remote_sensing_metric,remote_sensing,30,Model-derived carbon change proxy; not field plot data.
RS-00142,SRC_LIT_FRONTIERS_HI_LULC_INVEST_2024,The impact of land use change on carbon storage and multi-scenario prediction in Hainan Island using InVEST and CA-Markov models,https://www.frontiersin.org/journals/forests-and-global-change/articles/10.3389/ffgc.2024.1349057/full,derived_from_peer_reviewed_remote_sensing_model_table,REG_HI_ISLAND,海南岛,PROVINCE,2000-2020,2000,2020,DEAD_ORGANIC_CARBON_POOL_CHANGE,dead_organic_carbon_pool_change,dead organic carbon pool change,carbon_stock,-0.1800000000000006,Tg,Difference of Frontiers 2024 Table 5 InVEST carbon values.,A,1,0,satellite.public_remote_sensing_metric,remote_sensing,30,Model-derived carbon change proxy; not field plot data.
RS-00143,SRC_LIT_FRONTIERS_HI_LULC_INVEST_2024,The impact of land use change on carbon storage and multi-scenario prediction in Hainan Island using InVEST and CA-Markov models,https://www.frontiersin.org/journals/forests-and-global-change/articles/10.3389/ffgc.2024.1349057/full,derived_from_peer_reviewed_remote_sensing_model_table,REG_HI_ISLAND,海南岛,PROVINCE,2000-2020,2000,2020,DEAD_ORGANIC_CARBON_POOL_CHANGE_RATE,dead_organic_carbon_pool_change_rate,dead organic carbon pool change rate,carbon_stock,-2.2304832713754723,percent,(2020 value - 2000 value) / 2000 value from Frontiers 2024 Table 5.,A,1,0,satellite.public_remote_sensing_metric,remote_sensing,30,Model-derived carbon change proxy; not field plot data.
RS-00144,SRC_LIT_FRONTIERS_HI_LULC_INVEST_2024,The impact of land use change on carbon storage and multi-scenario prediction in Hainan Island using InVEST and CA-Markov models,https://www.frontiersin.org/journals/forests-and-global-change/articles/10.3389/ffgc.2024.1349057/full,derived_from_peer_reviewed_remote_sensing_model_table,REG_HI_ISLAND,海南岛,PROVINCE,2000-2020,2000,2020,TOTAL_CARBON_STORAGE_CHANGE,total_carbon_storage_change,total carbon storage change,carbon_stock,-5.899999999999977,Tg,Difference of Frontiers 2024 Table 5 InVEST carbon values.,A,1,0,satellite.public_remote_sensing_metric,remote_sensing,30,Model-derived carbon change proxy; not field plot data.
RS-00145,SRC_LIT_FRONTIERS_HI_LULC_INVEST_2024,The impact of land use change on carbon storage and multi-scenario prediction in Hainan Island using InVEST and CA-Markov models,https://www.frontiersin.org/journals/forests-and-global-change/articles/10.3389/ffgc.2024.1349057/full,derived_from_peer_reviewed_remote_sensing_model_table,REG_HI_ISLAND,海南岛,PROVINCE,2000-2020,2000,2020,TOTAL_CARBON_STORAGE_CHANGE_RATE,total_carbon_storage_change_rate,total carbon storage change rate,carbon_stock,-1.3307170083677238,percent,(2020 value - 2000 value) / 2000 value from Frontiers 2024 Table 5.,A,1,0,satellite.public_remote_sensing_metric,remote_sensing,30,Model-derived carbon change proxy; not field plot data.
RS-00146,SRC_LIT_FRONTIERS_HI_LULC_INVEST_2024,The impact of land use change on carbon storage and multi-scenario prediction in Hainan Island using InVEST and CA-Markov models,https://www.frontiersin.org/journals/forests-and-global-change/articles/10.3389/ffgc.2024.1349057/full,derived_from_peer_reviewed_remote_sensing_model_table,REG_HI_ISLAND,海南岛,PROVINCE,2000-2020,2000,2020,CARBON_DENSITY_CHANGE,carbon_density_change,carbon density change,carbon_stock,-1.75,Mg/hm2,Difference of Frontiers 2024 Table 5 InVEST carbon values.,A,1,0,satellite.public_remote_sensing_metric,remote_sensing,30,Model-derived carbon change proxy; not field plot data.
RS-00147,SRC_LIT_FRONTIERS_HI_LULC_INVEST_2024,The impact of land use change on carbon storage and multi-scenario prediction in Hainan Island using InVEST and CA-Markov models,https://www.frontiersin.org/journals/forests-and-global-change/articles/10.3389/ffgc.2024.1349057/full,derived_from_peer_reviewed_remote_sensing_model_table,REG_HI_ISLAND,海南岛,PROVINCE,2000-2020,2000,2020,CARBON_DENSITY_CHANGE_RATE,carbon_density_change_rate,carbon density change rate,carbon_stock,-1.352709283450568,percent,(2020 value - 2000 value) / 2000 value from Frontiers 2024 Table 5.,A,1,0,satellite.public_remote_sensing_metric,remote_sensing,30,Model-derived carbon change proxy; not field plot data.
